2	1	1
26	1	1
49	1	1
50	1	1
51	1	1
52	1	1
53	1	1
58	1	1
70	1	1
76	1	1
79	1	1
92	1	1
95	1	1
99	1	1
101	1	1
102	1	1
111	1	1
131	1	1
142	1	1
155	1	1
156	1	1
245	1	1
267	1	1
288	1	1
296	1	1
302	1	1
309	1	1
342	1	1
374	1	1
384	1	1
388	1	1
393	1	1
402	1	1
468	1	1
478	1	1
496	1	1
526	1	1
663	1	1
664	1	1
744	1	1
1	2	1
3	2	1
4	2	1
22	2	1
26	2	1
49	2	1
50	2	1
51	2	1
52	2	1
53	2	1
58	2	1
70	2	1
76	2	1
79	2	1
92	2	1
95	2	1
99	2	1
100	2	1
101	2	1
102	2	1
111	2	1
131	2	1
142	2	1
143	2	1
150	2	1
153	2	1
155	2	1
156	2	1
166	2	1
243	2	1
245	2	1
263	2	1
265	2	1
267	2	1
288	2	1
289	2	1
296	2	1
302	2	1
309	2	1
313	2	1
342	2	1
373	2	1
374	2	1
381	2	1
384	2	1
386	2	1
388	2	1
393	2	1
402	2	1
462	2	1
468	2	1
478	2	1
488	2	1
496	2	1
526	2	1
534	2	1
663	2	1
664	2	1
680	2	1
744	2	1
749	2	1
780	2	1
830	2	1
862	2	1
1104	2	1
1554	2	1
1561	2	1
1676	2	1
2	3	1
4	3	1
22	3	1
99	3	1
101	3	1
102	3	1
131	3	1
155	3	1
243	3	1
296	3	1
309	3	1
384	3	1
388	3	1
439	3	1
478	3	1
614	3	1
643	3	1
720	3	1
749	3	1
2	4	1
3	4	1
22	4	1
99	4	1
101	4	1
102	4	1
131	4	1
155	4	1
243	4	1
296	4	1
309	4	1
384	4	1
386	4	1
388	4	1
393	4	1
439	4	1
478	4	1
614	4	1
621	4	1
643	4	1
720	4	1
749	4	1
808	4	1
6	5	1
174	5	1
292	5	1
313	5	1
469	5	1
688	5	1
1110	5	1
1124	5	1
1213	5	1
5	6	1
98	6	1
109	6	1
117	6	1
292	6	1
313	6	1
420	6	1
465	6	1
469	6	1
637	6	1
688	6	1
734	6	1
1082	6	1
1110	6	1
1124	6	1
1125	6	1
1213	6	1
1301	6	1
1309	6	1
1531	6	1
1693	6	1
8	7	1
244	7	1
269	7	1
293	7	1
307	7	1
311	7	1
874	7	1
1012	7	1
1016	7	1
1027	7	1
1030	7	1
1138	7	1
1733	7	1
7	8	1
244	8	1
269	8	1
293	8	1
307	8	1
311	8	1
976	8	1
980	8	1
1012	8	1
1016	8	1
1027	8	1
1030	8	1
1036	8	1
1138	8	1
1232	8	1
1319	8	1
1733	8	1
1760	8	1
10	9	1
21	9	1
144	9	1
145	9	1
218	9	1
975	9	1
1038	9	1
1154	9	1
1155	9	1
1192	9	1
1194	9	1
1195	9	1
1222	9	1
1227	9	1
1472	9	1
1831	9	1
1836	9	1
1883	9	1
1917	9	1
1948	9	1
2054	9	1
9	10	1
21	10	1
145	10	1
218	10	1
975	10	1
1038	10	1
1154	10	1
1155	10	1
1192	10	1
12	11	1
13	11	1
14	11	1
27	11	1
54	11	1
55	11	1
56	11	1
57	11	1
59	11	1
144	11	1
145	11	1
152	11	1
219	11	1
242	11	1
264	11	1
268	11	1
281	11	1
310	11	1
314	11	1
321	11	1
354	11	1
367	11	1
379	11	1
410	11	1
460	11	1
461	11	1
470	11	1
495	11	1
510	11	1
515	11	1
563	11	1
564	11	1
600	11	1
719	11	1
796	11	1
831	11	1
1109	11	1
11	12	1
13	12	1
14	12	1
54	12	1
55	12	1
56	12	1
57	12	1
59	12	1
242	12	1
264	12	1
268	12	1
281	12	1
11	13	1
12	13	1
14	13	1
27	13	1
54	13	1
55	13	1
56	13	1
57	13	1
59	13	1
242	13	1
264	13	1
268	13	1
281	13	1
310	13	1
314	13	1
379	13	1
410	13	1
461	13	1
600	13	1
719	13	1
1109	13	1
11	14	1
12	14	1
13	14	1
27	14	1
54	14	1
55	14	1
56	14	1
57	14	1
59	14	1
242	14	1
264	14	1
268	14	1
281	14	1
310	14	1
314	14	1
379	14	1
410	14	1
461	14	1
600	14	1
1109	14	1
16	15	1
74	15	1
188	15	1
330	15	1
965	15	1
15	16	1
74	16	1
188	16	1
18	17	1
1205	17	1
1229	17	1
1549	17	1
2140	17	1
2141	17	1
17	18	1
2140	18	1
2169	18	1
2184	18	1
2185	18	1
2186	18	1
20	19	1
96	19	1
19	20	1
96	20	1
321	20	1
337	20	1
517	20	1
541	20	1
596	20	1
1085	20	1
1198	20	1
1224	20	1
1556	20	1
1573	20	1
9	21	1
10	21	1
218	21	1
248	21	1
273	21	1
274	21	1
299	21	1
306	21	1
417	21	1
667	21	1
975	21	1
1038	21	1
1544	21	1
1547	21	1
1584	21	1
2	22	1
3	22	1
4	22	1
95	22	1
99	22	1
101	22	1
102	22	1
131	22	1
155	22	1
243	22	1
296	22	1
302	22	1
309	22	1
384	22	1
388	22	1
393	22	1
439	22	1
478	22	1
543	22	1
614	22	1
643	22	1
720	22	1
749	22	1
808	22	1
24	23	1
47	23	1
141	23	1
610	23	1
611	23	1
23	24	1
47	24	1
141	24	1
26	25	1
53	25	1
66	25	1
76	25	1
92	25	1
168	25	1
169	25	1
270	25	1
288	25	1
289	25	1
350	25	1
359	25	1
376	25	1
428	25	1
545	25	1
598	25	1
635	25	1
637	25	1
724	25	1
1168	25	1
1301	25	1
1520	25	1
1521	25	1
1650	25	1
1	26	1
2	26	1
25	26	1
50	26	1
53	26	1
66	26	1
76	26	1
92	26	1
156	26	1
168	26	1
169	26	1
288	26	1
289	26	1
309	26	1
320	26	1
321	26	1
342	26	1
350	26	1
354	26	1
376	26	1
428	26	1
545	26	1
598	26	1
635	26	1
651	26	1
716	26	1
724	26	1
750	26	1
808	26	1
1301	26	1
11	27	1
13	27	1
14	27	1
54	27	1
55	27	1
56	27	1
57	27	1
59	27	1
242	27	1
264	27	1
268	27	1
281	27	1
310	27	1
314	27	1
379	27	1
460	27	1
600	27	1
719	27	1
971	27	1
1109	27	1
1638	27	1
29	28	1
40	28	1
65	28	1
67	28	1
68	28	1
91	28	1
112	28	1
175	28	1
176	28	1
177	28	1
180	28	1
183	28	1
186	28	1
190	28	1
191	28	1
192	28	1
195	28	1
199	28	1
204	28	1
205	28	1
206	28	1
207	28	1
223	28	1
244	28	1
258	28	1
275	28	1
518	28	1
524	28	1
584	28	1
675	28	1
780	28	1
918	28	1
923	28	1
924	28	1
932	28	1
933	28	1
936	28	1
937	28	1
949	28	1
967	28	1
1101	28	1
1414	28	1
1733	28	1
28	29	1
41	29	1
42	29	1
45	29	1
46	29	1
65	29	1
68	29	1
80	29	1
91	29	1
112	29	1
175	29	1
176	29	1
177	29	1
178	29	1
179	29	1
180	29	1
181	29	1
182	29	1
183	29	1
184	29	1
185	29	1
186	29	1
187	29	1
189	29	1
190	29	1
191	29	1
192	29	1
195	29	1
198	29	1
199	29	1
204	29	1
205	29	1
206	29	1
207	29	1
210	29	1
213	29	1
223	29	1
235	29	1
258	29	1
275	29	1
423	29	1
518	29	1
521	29	1
524	29	1
535	29	1
629	29	1
912	29	1
913	29	1
914	29	1
917	29	1
918	29	1
919	29	1
921	29	1
922	29	1
923	29	1
924	29	1
925	29	1
926	29	1
927	29	1
928	29	1
932	29	1
933	29	1
934	29	1
935	29	1
936	29	1
937	29	1
938	29	1
939	29	1
940	29	1
941	29	1
942	29	1
943	29	1
944	29	1
949	29	1
953	29	1
954	29	1
955	29	1
958	29	1
959	29	1
960	29	1
963	29	1
964	29	1
966	29	1
967	29	1
977	29	1
985	29	1
1101	29	1
1104	29	1
1114	29	1
1121	29	1
1122	29	1
1279	29	1
1387	29	1
1790	29	1
1823	29	1
31	30	1
48	30	1
62	30	1
63	30	1
368	30	1
376	30	1
407	30	1
968	30	1
974	30	1
1010	30	1
1053	30	1
1089	30	1
1612	30	1
30	31	1
48	31	1
62	31	1
63	31	1
368	31	1
376	31	1
407	31	1
1007	31	1
33	32	1
60	32	1
61	32	1
295	32	1
297	32	1
308	32	1
321	32	1
369	32	1
394	32	1
395	32	1
472	32	1
649	32	1
662	32	1
678	32	1
679	32	1
1439	32	1
1445	32	1
1467	32	1
1527	32	1
1556	32	1
1576	32	1
1578	32	1
1608	32	1
1880	32	1
32	33	1
60	33	1
61	33	1
295	33	1
297	33	1
308	33	1
321	33	1
369	33	1
394	33	1
395	33	1
472	33	1
649	33	1
662	33	1
678	33	1
679	33	1
1439	33	1
1527	33	1
1576	33	1
1608	33	1
1880	33	1
35	34	1
569	34	1
583	34	1
672	34	1
685	34	1
794	34	1
838	34	1
845	34	1
858	34	1
884	34	1
888	34	1
34	35	1
558	35	1
583	35	1
888	35	1
2098	35	1
2197	35	1
2248	35	1
37	36	1
163	36	1
164	36	1
607	36	1
608	36	1
36	37	1
163	37	1
164	37	1
39	38	1
775	38	1
38	39	1
775	39	1
28	40	1
41	40	1
42	40	1
45	40	1
46	40	1
67	40	1
68	40	1
91	40	1
157	40	1
258	40	1
275	40	1
322	40	1
335	40	1
413	40	1
463	40	1
464	40	1
483	40	1
485	40	1
524	40	1
570	40	1
644	40	1
903	40	1
918	40	1
919	40	1
921	40	1
922	40	1
1197	40	1
1414	40	1
1438	40	1
1690	40	1
1838	40	1
1849	40	1
29	41	1
40	41	1
42	41	1
45	41	1
46	41	1
65	41	1
67	41	1
68	41	1
91	41	1
112	41	1
175	41	1
176	41	1
177	41	1
180	41	1
183	41	1
186	41	1
190	41	1
191	41	1
192	41	1
195	41	1
199	41	1
204	41	1
205	41	1
206	41	1
207	41	1
223	41	1
244	41	1
275	41	1
322	41	1
335	41	1
413	41	1
483	41	1
518	41	1
570	41	1
644	41	1
801	41	1
918	41	1
923	41	1
924	41	1
932	41	1
933	41	1
936	41	1
937	41	1
949	41	1
967	41	1
1101	41	1
1197	41	1
1414	41	1
1733	41	1
29	42	1
40	42	1
41	42	1
45	42	1
46	42	1
65	42	1
67	42	1
68	42	1
91	42	1
112	42	1
157	42	1
175	42	1
176	42	1
177	42	1
180	42	1
183	42	1
186	42	1
190	42	1
191	42	1
192	42	1
195	42	1
199	42	1
204	42	1
205	42	1
206	42	1
207	42	1
223	42	1
244	42	1
251	42	1
275	42	1
335	42	1
413	42	1
463	42	1
464	42	1
485	42	1
518	42	1
570	42	1
659	42	1
918	42	1
923	42	1
924	42	1
932	42	1
933	42	1
936	42	1
937	42	1
949	42	1
967	42	1
1101	42	1
1197	42	1
1414	42	1
1733	42	1
1849	42	1
44	43	1
115	43	1
116	43	1
336	43	1
338	43	1
375	43	1
43	44	1
115	44	1
116	44	1
336	44	1
338	44	1
375	44	1
29	45	1
40	45	1
41	45	1
42	45	1
46	45	1
65	45	1
67	45	1
68	45	1
91	45	1
112	45	1
157	45	1
175	45	1
176	45	1
177	45	1
180	45	1
183	45	1
186	45	1
190	45	1
191	45	1
192	45	1
195	45	1
199	45	1
204	45	1
205	45	1
206	45	1
207	45	1
223	45	1
251	45	1
275	45	1
335	45	1
413	45	1
463	45	1
464	45	1
483	45	1
485	45	1
486	45	1
518	45	1
570	45	1
659	45	1
918	45	1
923	45	1
924	45	1
932	45	1
933	45	1
936	45	1
937	45	1
949	45	1
967	45	1
1101	45	1
1197	45	1
1414	45	1
1849	45	1
29	46	1
40	46	1
41	46	1
42	46	1
45	46	1
53	46	1
65	46	1
67	46	1
68	46	1
91	46	1
112	46	1
175	46	1
176	46	1
177	46	1
180	46	1
183	46	1
186	46	1
190	46	1
191	46	1
192	46	1
195	46	1
199	46	1
204	46	1
205	46	1
206	46	1
207	46	1
223	46	1
251	46	1
275	46	1
314	46	1
322	46	1
335	46	1
362	46	1
410	46	1
413	46	1
470	46	1
483	46	1
515	46	1
518	46	1
543	46	1
570	46	1
579	46	1
644	46	1
668	46	1
703	46	1
918	46	1
923	46	1
924	46	1
932	46	1
933	46	1
936	46	1
937	46	1
949	46	1
967	46	1
1101	46	1
1197	46	1
1414	46	1
23	47	1
24	47	1
141	47	1
30	48	1
31	48	1
62	48	1
63	48	1
368	48	1
376	48	1
407	48	1
1	49	1
2	49	1
50	49	1
51	49	1
52	49	1
53	49	1
58	49	1
69	49	1
70	49	1
71	49	1
75	49	1
76	49	1
80	49	1
81	49	1
84	49	1
92	49	1
95	49	1
97	49	1
99	49	1
100	49	1
143	49	1
150	49	1
158	49	1
245	49	1
263	49	1
265	49	1
267	49	1
302	49	1
309	49	1
342	49	1
351	49	1
381	49	1
405	49	1
423	49	1
456	49	1
462	49	1
471	49	1
472	49	1
489	49	1
512	49	1
528	49	1
554	49	1
589	49	1
598	49	1
599	49	1
632	49	1
652	49	1
808	49	1
841	49	1
1345	49	1
1412	49	1
1587	49	1
1	50	1
2	50	1
26	50	1
49	50	1
51	50	1
52	50	1
53	50	1
58	50	1
69	50	1
70	50	1
71	50	1
75	50	1
76	50	1
80	50	1
81	50	1
84	50	1
92	50	1
95	50	1
97	50	1
99	50	1
100	50	1
143	50	1
146	50	1
150	50	1
153	50	1
155	50	1
156	50	1
158	50	1
166	50	1
245	50	1
263	50	1
265	50	1
267	50	1
288	50	1
296	50	1
302	50	1
309	50	1
342	50	1
351	50	1
381	50	1
405	50	1
456	50	1
462	50	1
471	50	1
472	50	1
486	50	1
489	50	1
508	50	1
512	50	1
517	50	1
545	50	1
589	50	1
598	50	1
640	50	1
1345	50	1
1	51	1
2	51	1
49	51	1
50	51	1
52	51	1
53	51	1
58	51	1
69	51	1
70	51	1
71	51	1
75	51	1
76	51	1
80	51	1
81	51	1
84	51	1
92	51	1
95	51	1
97	51	1
99	51	1
100	51	1
143	51	1
150	51	1
153	51	1
158	51	1
235	51	1
245	51	1
263	51	1
265	51	1
267	51	1
296	51	1
302	51	1
309	51	1
328	51	1
342	51	1
351	51	1
381	51	1
405	51	1
423	51	1
456	51	1
462	51	1
489	51	1
496	51	1
502	51	1
508	51	1
528	51	1
554	51	1
598	51	1
632	51	1
652	51	1
808	51	1
826	51	1
841	51	1
1345	51	1
1412	51	1
1587	51	1
1	52	1
2	52	1
49	52	1
50	52	1
51	52	1
53	52	1
58	52	1
69	52	1
70	52	1
71	52	1
75	52	1
76	52	1
80	52	1
81	52	1
84	52	1
92	52	1
95	52	1
99	52	1
100	52	1
143	52	1
150	52	1
245	52	1
263	52	1
265	52	1
267	52	1
288	52	1
296	52	1
302	52	1
309	52	1
342	52	1
351	52	1
381	52	1
405	52	1
423	52	1
456	52	1
462	52	1
471	52	1
472	52	1
489	52	1
508	52	1
510	52	1
512	52	1
528	52	1
554	52	1
589	52	1
599	52	1
790	52	1
850	52	1
1345	52	1
1412	52	1
1	53	1
2	53	1
25	53	1
26	53	1
46	53	1
49	53	1
50	53	1
51	53	1
52	53	1
58	53	1
69	53	1
70	53	1
71	53	1
75	53	1
76	53	1
79	53	1
80	53	1
81	53	1
84	53	1
92	53	1
95	53	1
99	53	1
100	53	1
150	53	1
153	53	1
156	53	1
245	53	1
263	53	1
265	53	1
267	53	1
288	53	1
289	53	1
296	53	1
302	53	1
309	53	1
319	53	1
329	53	1
342	53	1
351	53	1
381	53	1
405	53	1
423	53	1
456	53	1
462	53	1
471	53	1
472	53	1
489	53	1
508	53	1
510	53	1
512	53	1
528	53	1
554	53	1
589	53	1
599	53	1
1345	53	1
1412	53	1
11	54	1
12	54	1
13	54	1
14	54	1
27	54	1
55	54	1
56	54	1
57	54	1
59	54	1
120	54	1
172	54	1
242	54	1
264	54	1
268	54	1
281	54	1
310	54	1
314	54	1
379	54	1
461	54	1
1096	54	1
1109	54	1
2270	54	1
11	55	1
12	55	1
13	55	1
14	55	1
27	55	1
54	55	1
56	55	1
57	55	1
59	55	1
145	55	1
242	55	1
264	55	1
268	55	1
281	55	1
310	55	1
314	55	1
354	55	1
379	55	1
410	55	1
461	55	1
563	55	1
600	55	1
1109	55	1
2270	55	1
11	56	1
12	56	1
13	56	1
14	56	1
27	56	1
54	56	1
55	56	1
57	56	1
59	56	1
242	56	1
264	56	1
268	56	1
281	56	1
310	56	1
314	56	1
379	56	1
410	56	1
461	56	1
600	56	1
719	56	1
1109	56	1
11	57	1
12	57	1
13	57	1
14	57	1
27	57	1
54	57	1
55	57	1
56	57	1
59	57	1
145	57	1
242	57	1
264	57	1
268	57	1
281	57	1
310	57	1
314	57	1
354	57	1
379	57	1
410	57	1
461	57	1
600	57	1
1109	57	1
1	58	1
2	58	1
49	58	1
50	58	1
51	58	1
52	58	1
53	58	1
69	58	1
70	58	1
71	58	1
75	58	1
76	58	1
80	58	1
81	58	1
84	58	1
92	58	1
95	58	1
97	58	1
99	58	1
100	58	1
143	58	1
146	58	1
150	58	1
158	58	1
245	58	1
263	58	1
265	58	1
267	58	1
296	58	1
302	58	1
309	58	1
342	58	1
351	58	1
381	58	1
405	58	1
423	58	1
456	58	1
462	58	1
471	58	1
472	58	1
489	58	1
508	58	1
512	58	1
526	58	1
528	58	1
554	58	1
589	58	1
598	58	1
632	58	1
696	58	1
790	58	1
841	58	1
1345	58	1
11	59	1
12	59	1
13	59	1
14	59	1
27	59	1
54	59	1
55	59	1
56	59	1
57	59	1
242	59	1
264	59	1
268	59	1
281	59	1
310	59	1
314	59	1
379	59	1
410	59	1
461	59	1
600	59	1
1109	59	1
32	60	1
33	60	1
61	60	1
295	60	1
297	60	1
308	60	1
321	60	1
369	60	1
394	60	1
395	60	1
472	60	1
649	60	1
662	60	1
678	60	1
679	60	1
1439	60	1
1527	60	1
1576	60	1
1608	60	1
1880	60	1
32	61	1
33	61	1
60	61	1
295	61	1
297	61	1
308	61	1
321	61	1
369	61	1
394	61	1
395	61	1
472	61	1
649	61	1
662	61	1
678	61	1
679	61	1
1439	61	1
1445	61	1
1467	61	1
1527	61	1
1556	61	1
1576	61	1
1578	61	1
1608	61	1
1880	61	1
30	62	1
31	62	1
48	62	1
63	62	1
368	62	1
376	62	1
407	62	1
410	62	1
1072	62	1
1420	62	1
1441	62	1
1887	62	1
1901	62	1
1904	62	1
30	63	1
31	63	1
48	63	1
62	63	1
368	63	1
376	63	1
407	63	1
410	63	1
1072	63	1
1420	63	1
1441	63	1
1887	63	1
1901	63	1
1904	63	1
65	64	1
182	64	1
235	64	1
695	64	1
1449	64	1
1647	64	1
1916	64	1
1959	64	1
28	65	1
29	65	1
41	65	1
42	65	1
45	65	1
46	65	1
64	65	1
198	65	1
199	65	1
235	65	1
258	65	1
275	65	1
423	65	1
521	65	1
535	65	1
614	65	1
918	65	1
919	65	1
921	65	1
922	65	1
953	65	1
954	65	1
955	65	1
960	65	1
964	65	1
966	65	1
977	65	1
979	65	1
1454	65	1
2010	65	1
2043	65	1
2061	65	1
25	66	1
26	66	1
288	66	1
342	66	1
350	66	1
354	66	1
376	66	1
598	66	1
651	66	1
738	66	1
798	66	1
2195	66	1
28	67	1
40	67	1
41	67	1
42	67	1
45	67	1
46	67	1
68	67	1
91	67	1
113	67	1
157	67	1
210	67	1
213	67	1
255	67	1
267	67	1
322	67	1
335	67	1
413	67	1
422	67	1
485	67	1
570	67	1
682	67	1
802	67	1
892	67	1
912	67	1
913	67	1
914	67	1
917	67	1
1104	67	1
1114	67	1
1121	67	1
1122	67	1
1126	67	1
1156	67	1
1161	67	1
1162	67	1
1163	67	1
1164	67	1
1197	67	1
1253	67	1
1254	67	1
1261	67	1
1262	67	1
1273	67	1
1305	67	1
1478	67	1
1479	67	1
1480	67	1
1481	67	1
1494	67	1
1495	67	1
1657	67	1
1872	67	1
28	68	1
29	68	1
40	68	1
41	68	1
42	68	1
45	68	1
46	68	1
67	68	1
69	68	1
112	68	1
113	68	1
157	68	1
175	68	1
176	68	1
177	68	1
178	68	1
179	68	1
180	68	1
181	68	1
182	68	1
183	68	1
184	68	1
185	68	1
186	68	1
187	68	1
189	68	1
190	68	1
191	68	1
192	68	1
195	68	1
198	68	1
199	68	1
204	68	1
205	68	1
206	68	1
207	68	1
210	68	1
213	68	1
223	68	1
235	68	1
258	68	1
275	68	1
322	68	1
335	68	1
413	68	1
422	68	1
423	68	1
463	68	1
464	68	1
483	68	1
485	68	1
518	68	1
521	68	1
535	68	1
543	68	1
570	68	1
864	68	1
892	68	1
912	68	1
913	68	1
914	68	1
917	68	1
918	68	1
919	68	1
921	68	1
922	68	1
923	68	1
924	68	1
925	68	1
926	68	1
927	68	1
928	68	1
932	68	1
933	68	1
934	68	1
935	68	1
936	68	1
937	68	1
938	68	1
939	68	1
940	68	1
941	68	1
942	68	1
943	68	1
944	68	1
949	68	1
953	68	1
954	68	1
955	68	1
960	68	1
964	68	1
966	68	1
967	68	1
977	68	1
1060	68	1
1073	68	1
1101	68	1
1156	68	1
1163	68	1
1197	68	1
1235	68	1
1242	68	1
1253	68	1
1254	68	1
1261	68	1
1262	68	1
1273	68	1
1305	68	1
1494	68	1
1495	68	1
1537	68	1
1540	68	1
1624	68	1
1831	68	1
1836	68	1
1849	68	1
1872	68	1
1883	68	1
49	69	1
50	69	1
51	69	1
52	69	1
53	69	1
58	69	1
68	69	1
70	69	1
71	69	1
80	69	1
81	69	1
91	69	1
92	69	1
95	69	1
97	69	1
100	69	1
112	69	1
146	69	1
150	69	1
158	69	1
175	69	1
176	69	1
177	69	1
180	69	1
183	69	1
186	69	1
190	69	1
191	69	1
192	69	1
195	69	1
204	69	1
205	69	1
206	69	1
207	69	1
223	69	1
245	69	1
265	69	1
275	69	1
342	69	1
456	69	1
513	69	1
518	69	1
598	69	1
632	69	1
652	69	1
841	69	1
918	69	1
923	69	1
924	69	1
932	69	1
933	69	1
936	69	1
937	69	1
949	69	1
967	69	1
1101	69	1
1412	69	1
1587	69	1
1	70	1
2	70	1
49	70	1
50	70	1
51	70	1
52	70	1
53	70	1
58	70	1
69	70	1
75	70	1
76	70	1
79	70	1
80	70	1
84	70	1
92	70	1
99	70	1
158	70	1
245	70	1
263	70	1
267	70	1
288	70	1
296	70	1
302	70	1
342	70	1
462	70	1
628	70	1
49	71	1
50	71	1
51	71	1
52	71	1
53	71	1
58	71	1
69	71	1
75	71	1
76	71	1
80	71	1
81	71	1
92	71	1
95	71	1
97	71	1
100	71	1
146	71	1
150	71	1
153	71	1
174	71	1
245	71	1
263	71	1
265	71	1
342	71	1
381	71	1
423	71	1
456	71	1
492	71	1
512	71	1
516	71	1
559	71	1
598	71	1
632	71	1
696	71	1
761	71	1
786	71	1
841	71	1
1412	71	1
1587	71	1
73	72	1
647	72	1
1415	72	1
1425	72	1
1524	72	1
72	73	1
321	73	1
590	73	1
613	73	1
647	73	1
915	73	1
1415	73	1
1425	73	1
1524	73	1
15	74	1
16	74	1
49	75	1
50	75	1
51	75	1
52	75	1
53	75	1
58	75	1
70	75	1
71	75	1
76	75	1
80	75	1
81	75	1
84	75	1
92	75	1
95	75	1
99	75	1
100	75	1
150	75	1
155	75	1
158	75	1
245	75	1
263	75	1
265	75	1
267	75	1
296	75	1
302	75	1
342	75	1
351	75	1
381	75	1
405	75	1
456	75	1
462	75	1
472	75	1
512	75	1
1345	75	1
1	76	1
2	76	1
25	76	1
26	76	1
49	76	1
50	76	1
51	76	1
52	76	1
53	76	1
58	76	1
70	76	1
71	76	1
75	76	1
80	76	1
81	76	1
84	76	1
92	76	1
95	76	1
97	76	1
99	76	1
111	76	1
150	76	1
155	76	1
156	76	1
166	76	1
245	76	1
263	76	1
265	76	1
267	76	1
289	76	1
302	76	1
342	76	1
351	76	1
381	76	1
405	76	1
456	76	1
471	76	1
508	76	1
512	76	1
545	76	1
589	76	1
759	76	1
1345	76	1
78	77	1
273	77	1
425	77	1
1049	77	1
1130	77	1
1472	77	1
77	78	1
364	78	1
1275	78	1
1615	78	1
1	79	1
2	79	1
53	79	1
70	79	1
99	79	1
155	79	1
156	79	1
288	79	1
296	79	1
342	79	1
496	79	1
640	79	1
671	79	1
29	80	1
49	80	1
50	80	1
51	80	1
52	80	1
53	80	1
58	80	1
69	80	1
70	80	1
71	80	1
75	80	1
76	80	1
81	80	1
84	80	1
92	80	1
95	80	1
97	80	1
100	80	1
150	80	1
176	80	1
192	80	1
199	80	1
206	80	1
223	80	1
245	80	1
263	80	1
265	80	1
267	80	1
302	80	1
342	80	1
351	80	1
381	80	1
405	80	1
423	80	1
456	80	1
462	80	1
471	80	1
472	80	1
489	80	1
512	80	1
528	80	1
554	80	1
599	80	1
841	80	1
933	80	1
1101	80	1
1245	80	1
1321	80	1
1345	80	1
1412	80	1
1587	80	1
49	81	1
50	81	1
51	81	1
52	81	1
53	81	1
58	81	1
69	81	1
71	81	1
75	81	1
76	81	1
80	81	1
95	81	1
97	81	1
100	81	1
150	81	1
245	81	1
263	81	1
265	81	1
267	81	1
302	81	1
351	81	1
381	81	1
405	81	1
423	81	1
456	81	1
489	81	1
528	81	1
554	81	1
599	81	1
871	81	1
1345	81	1
1412	81	1
83	82	1
354	82	1
371	82	1
565	82	1
658	82	1
82	83	1
371	83	1
372	83	1
807	83	1
1233	83	1
1234	83	1
1286	83	1
1303	83	1
1307	83	1
49	84	1
50	84	1
51	84	1
52	84	1
53	84	1
58	84	1
70	84	1
75	84	1
76	84	1
80	84	1
92	84	1
99	84	1
146	84	1
150	84	1
153	84	1
245	84	1
263	84	1
265	84	1
267	84	1
288	84	1
296	84	1
302	84	1
342	84	1
381	84	1
462	84	1
471	84	1
517	84	1
526	84	1
589	84	1
640	84	1
1345	84	1
86	85	1
98	85	1
114	85	1
136	85	1
154	85	1
165	85	1
683	85	1
733	85	1
835	85	1
1025	85	1
85	86	1
98	86	1
114	86	1
136	86	1
154	86	1
165	86	1
733	86	1
88	87	1
126	87	1
137	87	1
514	87	1
585	87	1
647	87	1
1183	87	1
1437	87	1
2174	87	1
2297	87	1
2298	87	1
87	88	1
621	88	1
799	88	1
90	89	1
140	89	1
453	89	1
454	89	1
697	89	1
699	89	1
2002	89	1
2084	89	1
89	90	1
140	90	1
453	90	1
454	90	1
28	91	1
29	91	1
40	91	1
41	91	1
42	91	1
45	91	1
46	91	1
67	91	1
69	91	1
112	91	1
113	91	1
175	91	1
176	91	1
177	91	1
178	91	1
179	91	1
180	91	1
181	91	1
182	91	1
183	91	1
184	91	1
185	91	1
186	91	1
187	91	1
189	91	1
190	91	1
191	91	1
192	91	1
195	91	1
198	91	1
199	91	1
204	91	1
205	91	1
206	91	1
207	91	1
210	91	1
213	91	1
223	91	1
235	91	1
258	91	1
275	91	1
322	91	1
422	91	1
423	91	1
518	91	1
521	91	1
524	91	1
535	91	1
584	91	1
675	91	1
864	91	1
892	91	1
912	91	1
913	91	1
914	91	1
917	91	1
918	91	1
919	91	1
921	91	1
922	91	1
923	91	1
924	91	1
925	91	1
926	91	1
927	91	1
928	91	1
932	91	1
933	91	1
934	91	1
935	91	1
936	91	1
937	91	1
938	91	1
939	91	1
940	91	1
941	91	1
942	91	1
943	91	1
944	91	1
949	91	1
953	91	1
954	91	1
955	91	1
960	91	1
964	91	1
966	91	1
967	91	1
977	91	1
1060	91	1
1073	91	1
1101	91	1
1156	91	1
1163	91	1
1235	91	1
1242	91	1
1253	91	1
1254	91	1
1261	91	1
1262	91	1
1273	91	1
1305	91	1
1438	91	1
1494	91	1
1495	91	1
1537	91	1
1540	91	1
1624	91	1
1690	91	1
1831	91	1
1836	91	1
1838	91	1
1872	91	1
1883	91	1
1	92	1
2	92	1
25	92	1
26	92	1
49	92	1
50	92	1
51	92	1
52	92	1
53	92	1
58	92	1
69	92	1
70	92	1
71	92	1
75	92	1
76	92	1
80	92	1
84	92	1
95	92	1
97	92	1
99	92	1
138	92	1
146	92	1
150	92	1
155	92	1
156	92	1
245	92	1
263	92	1
267	92	1
288	92	1
289	92	1
296	92	1
302	92	1
309	92	1
320	92	1
342	92	1
381	92	1
386	92	1
393	92	1
462	92	1
472	92	1
500	92	1
508	92	1
512	92	1
517	92	1
522	92	1
586	92	1
624	92	1
640	92	1
662	92	1
1345	92	1
1820	92	1
94	93	1
174	93	1
266	93	1
976	93	1
1860	93	1
93	94	1
266	94	1
976	94	1
1	95	1
2	95	1
22	95	1
49	95	1
50	95	1
51	95	1
52	95	1
53	95	1
58	95	1
69	95	1
71	95	1
75	95	1
76	95	1
80	95	1
81	95	1
92	95	1
97	95	1
99	95	1
100	95	1
131	95	1
146	95	1
150	95	1
153	95	1
155	95	1
245	95	1
263	95	1
265	95	1
267	95	1
296	95	1
302	95	1
309	95	1
342	95	1
351	95	1
393	95	1
402	95	1
405	95	1
456	95	1
462	95	1
488	95	1
489	95	1
500	95	1
512	95	1
528	95	1
554	95	1
862	95	1
1345	95	1
19	96	1
20	96	1
337	96	1
49	97	1
50	97	1
51	97	1
58	97	1
69	97	1
71	97	1
76	97	1
80	97	1
81	97	1
92	97	1
95	97	1
100	97	1
150	97	1
174	97	1
245	97	1
265	97	1
456	97	1
696	97	1
841	97	1
1412	97	1
1587	97	1
6	98	1
85	98	1
86	98	1
114	98	1
136	98	1
154	98	1
292	98	1
420	98	1
496	98	1
609	98	1
637	98	1
683	98	1
688	98	1
733	98	1
1110	98	1
1213	98	1
1	99	1
2	99	1
3	99	1
4	99	1
22	99	1
49	99	1
50	99	1
51	99	1
52	99	1
53	99	1
58	99	1
70	99	1
75	99	1
76	99	1
79	99	1
84	99	1
92	99	1
95	99	1
101	99	1
102	99	1
111	99	1
131	99	1
138	99	1
142	99	1
155	99	1
156	99	1
243	99	1
245	99	1
263	99	1
267	99	1
288	99	1
296	99	1
302	99	1
309	99	1
342	99	1
373	99	1
374	99	1
384	99	1
386	99	1
388	99	1
393	99	1
402	99	1
468	99	1
478	99	1
488	99	1
496	99	1
526	99	1
530	99	1
534	99	1
543	99	1
640	99	1
663	99	1
680	99	1
744	99	1
749	99	1
777	99	1
862	99	1
1104	99	1
1554	99	1
1561	99	1
2	100	1
49	100	1
50	100	1
51	100	1
52	100	1
53	100	1
58	100	1
69	100	1
71	100	1
75	100	1
80	100	1
81	100	1
95	100	1
97	100	1
143	100	1
150	100	1
153	100	1
245	100	1
263	100	1
265	100	1
267	100	1
302	100	1
342	100	1
351	100	1
381	100	1
423	100	1
456	100	1
462	100	1
598	100	1
599	100	1
632	100	1
1412	100	1
1	101	1
2	101	1
3	101	1
4	101	1
22	101	1
99	101	1
102	101	1
111	101	1
131	101	1
142	101	1
155	101	1
243	101	1
296	101	1
309	101	1
342	101	1
373	101	1
374	101	1
384	101	1
386	101	1
388	101	1
393	101	1
402	101	1
468	101	1
478	101	1
488	101	1
526	101	1
662	101	1
663	101	1
680	101	1
744	101	1
749	101	1
766	101	1
862	101	1
1104	101	1
1554	101	1
1561	101	1
1	102	1
2	102	1
3	102	1
4	102	1
22	102	1
99	102	1
101	102	1
111	102	1
131	102	1
142	102	1
243	102	1
296	102	1
309	102	1
342	102	1
384	102	1
388	102	1
393	102	1
402	102	1
468	102	1
478	102	1
488	102	1
534	102	1
663	102	1
736	102	1
744	102	1
749	102	1
766	102	1
104	103	1
166	103	1
167	103	1
316	103	1
1103	103	1
1210	103	1
1648	103	1
103	104	1
166	104	1
316	104	1
1103	104	1
1210	104	1
106	105	1
128	105	1
139	105	1
284	105	1
285	105	1
319	105	1
329	105	1
343	105	1
344	105	1
399	105	1
1058	105	1
1059	105	1
1065	105	1
1066	105	1
1099	105	1
1144	105	1
105	106	1
139	106	1
319	106	1
399	106	1
1058	106	1
1059	106	1
108	107	1
519	107	1
107	108	1
320	108	1
321	108	1
519	108	1
1533	108	1
1760	108	1
2074	108	1
2075	108	1
6	109	1
110	109	1
239	109	1
292	109	1
313	109	1
339	109	1
469	109	1
688	109	1
763	109	1
1110	109	1
1124	109	1
1125	109	1
1301	109	1
1309	109	1
1531	109	1
2200	109	1
109	110	1
350	110	1
469	110	1
688	110	1
1110	110	1
1124	110	1
1125	110	1
1301	110	1
1309	110	1
1531	110	1
2200	110	1
2201	110	1
1	111	1
2	111	1
76	111	1
99	111	1
101	111	1
102	111	1
131	111	1
142	111	1
155	111	1
296	111	1
309	111	1
384	111	1
388	111	1
402	111	1
468	111	1
478	111	1
488	111	1
517	111	1
627	111	1
736	111	1
744	111	1
1510	111	1
28	112	1
29	112	1
41	112	1
42	112	1
45	112	1
46	112	1
68	112	1
69	112	1
91	112	1
113	112	1
167	112	1
176	112	1
177	112	1
178	112	1
179	112	1
180	112	1
181	112	1
182	112	1
183	112	1
184	112	1
185	112	1
186	112	1
187	112	1
189	112	1
190	112	1
191	112	1
192	112	1
195	112	1
198	112	1
199	112	1
204	112	1
205	112	1
206	112	1
207	112	1
210	112	1
213	112	1
223	112	1
235	112	1
258	112	1
275	112	1
288	112	1
334	112	1
422	112	1
423	112	1
449	112	1
518	112	1
521	112	1
535	112	1
864	112	1
912	112	1
913	112	1
914	112	1
917	112	1
918	112	1
919	112	1
921	112	1
922	112	1
923	112	1
924	112	1
925	112	1
926	112	1
927	112	1
928	112	1
932	112	1
933	112	1
934	112	1
935	112	1
936	112	1
937	112	1
938	112	1
939	112	1
940	112	1
941	112	1
942	112	1
943	112	1
944	112	1
949	112	1
953	112	1
954	112	1
955	112	1
960	112	1
964	112	1
966	112	1
967	112	1
977	112	1
1060	112	1
1073	112	1
1101	112	1
1157	112	1
1235	112	1
1241	112	1
1242	112	1
1243	112	1
1245	112	1
1254	112	1
1261	112	1
1273	112	1
1305	112	1
1321	112	1
1443	112	1
1503	112	1
1537	112	1
1540	112	1
1624	112	1
1659	112	1
1671	112	1
67	113	1
68	113	1
91	113	1
112	113	1
175	113	1
176	113	1
177	113	1
180	113	1
183	113	1
186	113	1
190	113	1
191	113	1
192	113	1
195	113	1
204	113	1
205	113	1
206	113	1
210	113	1
223	113	1
275	113	1
322	113	1
352	113	1
432	113	1
492	113	1
516	113	1
518	113	1
559	113	1
580	113	1
704	113	1
731	113	1
892	113	1
923	113	1
924	113	1
932	113	1
933	113	1
936	113	1
937	113	1
949	113	1
967	113	1
1032	113	1
1033	113	1
1101	113	1
1121	113	1
1203	113	1
1253	113	1
1262	113	1
1495	113	1
1674	113	1
1706	113	1
1708	113	1
1772	113	1
1774	113	1
1872	113	1
85	114	1
86	114	1
98	114	1
121	114	1
122	114	1
136	114	1
154	114	1
165	114	1
733	114	1
984	114	1
2103	114	1
43	115	1
44	115	1
116	115	1
336	115	1
338	115	1
375	115	1
43	116	1
44	116	1
115	116	1
159	116	1
240	116	1
336	116	1
338	116	1
375	116	1
575	116	1
699	116	1
739	116	1
745	116	1
760	116	1
762	116	1
769	116	1
1012	116	1
1702	116	1
2002	116	1
2047	116	1
2080	116	1
2102	116	1
2107	116	1
2108	116	1
2109	116	1
2116	116	1
2118	116	1
2119	116	1
2120	116	1
2121	116	1
2124	116	1
2126	116	1
2127	116	1
2128	116	1
2130	116	1
2131	116	1
2132	116	1
2133	116	1
2134	116	1
2136	116	1
2137	116	1
2256	116	1
2275	116	1
2287	116	1
2327	116	1
2366	116	1
6	117	1
118	117	1
238	117	1
239	117	1
262	117	1
292	117	1
313	117	1
339	117	1
350	117	1
469	117	1
496	117	1
507	117	1
544	117	1
688	117	1
813	117	1
1082	117	1
1110	117	1
1124	117	1
1125	117	1
1301	117	1
1309	117	1
1447	117	1
1577	117	1
1582	117	1
1750	117	1
2269	117	1
117	118	1
238	118	1
239	118	1
262	118	1
339	118	1
496	118	1
507	118	1
1110	118	1
1124	118	1
1447	118	1
120	119	1
160	119	1
479	119	1
536	119	1
1477	119	1
54	120	1
119	120	1
160	120	1
242	120	1
321	120	1
479	120	1
536	120	1
558	120	1
699	120	1
1293	120	1
2091	120	1
2165	120	1
2232	120	1
2252	120	1
2270	120	1
2301	120	1
2302	120	1
2330	120	1
114	121	1
122	121	1
165	121	1
437	121	1
450	121	1
502	121	1
566	121	1
700	121	1
878	121	1
879	121	1
893	121	1
1158	121	1
114	122	1
121	122	1
165	122	1
700	122	1
851	122	1
893	122	1
988	122	1
1347	122	1
1560	122	1
1575	122	1
1643	122	1
124	123	1
123	124	1
149	124	1
386	124	1
829	124	1
126	125	1
137	125	1
514	125	1
1397	125	1
2234	125	1
2259	125	1
87	126	1
125	126	1
137	126	1
514	126	1
585	126	1
867	126	1
128	127	1
686	127	1
724	127	1
848	127	1
1835	127	1
1852	127	1
105	128	1
127	128	1
139	128	1
848	128	1
130	129	1
228	129	1
229	129	1
260	129	1
294	129	1
315	129	1
385	129	1
606	129	1
674	129	1
708	129	1
711	129	1
1293	129	1
1419	129	1
129	130	1
228	130	1
294	130	1
315	130	1
385	130	1
421	130	1
674	130	1
708	130	1
711	130	1
1801	130	1
2082	130	1
2363	130	1
1	131	1
2	131	1
3	131	1
4	131	1
22	131	1
95	131	1
99	131	1
101	131	1
102	131	1
111	131	1
142	131	1
155	131	1
243	131	1
296	131	1
309	131	1
342	131	1
373	131	1
374	131	1
384	131	1
386	131	1
388	131	1
393	131	1
402	131	1
468	131	1
478	131	1
488	131	1
526	131	1
663	131	1
680	131	1
736	131	1
744	131	1
749	131	1
766	131	1
800	131	1
862	131	1
1104	131	1
1554	131	1
1561	131	1
133	132	1
132	133	1
689	133	1
869	133	1
2300	133	1
135	134	1
159	134	1
246	134	1
455	134	1
571	134	1
572	134	1
2098	134	1
134	135	1
159	135	1
246	135	1
455	135	1
571	135	1
572	135	1
2098	135	1
85	136	1
86	136	1
98	136	1
114	136	1
154	136	1
165	136	1
420	136	1
683	136	1
733	136	1
87	137	1
125	137	1
126	137	1
415	137	1
450	137	1
514	137	1
585	137	1
1398	137	1
1611	137	1
2234	137	1
2259	137	1
92	138	1
99	138	1
156	138	1
288	138	1
342	138	1
386	138	1
491	138	1
502	138	1
522	138	1
527	138	1
866	138	1
105	139	1
106	139	1
128	139	1
319	139	1
399	139	1
1579	139	1
1794	139	1
89	140	1
90	140	1
232	140	1
453	140	1
454	140	1
2084	140	1
23	141	1
24	141	1
47	141	1
1	142	1
2	142	1
99	142	1
101	142	1
102	142	1
111	142	1
131	142	1
296	142	1
309	142	1
384	142	1
388	142	1
478	142	1
526	142	1
744	142	1
2	143	1
49	143	1
50	143	1
51	143	1
52	143	1
58	143	1
100	143	1
150	143	1
245	143	1
263	143	1
265	143	1
267	143	1
309	143	1
599	143	1
732	143	1
9	144	1
11	144	1
145	144	1
152	144	1
242	144	1
254	144	1
277	144	1
312	144	1
410	144	1
414	144	1
470	144	1
477	144	1
510	144	1
517	144	1
701	144	1
962	144	1
975	144	1
1147	144	1
1177	144	1
1178	144	1
1260	144	1
1292	144	1
1302	144	1
1316	144	1
1335	144	1
1360	144	1
1383	144	1
1427	144	1
1460	144	1
1496	144	1
1563	144	1
1675	144	1
1695	144	1
1696	144	1
1735	144	1
1751	144	1
1902	144	1
1944	144	1
1957	144	1
9	145	1
10	145	1
11	145	1
55	145	1
57	145	1
144	145	1
152	145	1
242	145	1
354	145	1
410	145	1
460	145	1
470	145	1
510	145	1
590	145	1
701	145	1
851	145	1
865	145	1
1062	145	1
1063	145	1
1244	145	1
1418	145	1
1446	145	1
50	146	1
58	146	1
69	146	1
71	146	1
84	146	1
92	146	1
95	146	1
153	146	1
158	146	1
655	146	1
2059	146	1
2062	146	1
2079	146	1
148	147	1
161	147	1
484	147	1
854	147	1
856	147	1
872	147	1
2151	147	1
2254	147	1
2262	147	1
147	148	1
161	148	1
854	148	1
2172	148	1
124	149	1
2	150	1
49	150	1
50	150	1
51	150	1
52	150	1
53	150	1
58	150	1
69	150	1
71	150	1
75	150	1
76	150	1
80	150	1
81	150	1
84	150	1
92	150	1
95	150	1
97	150	1
100	150	1
143	150	1
153	150	1
155	150	1
245	150	1
263	150	1
265	150	1
267	150	1
302	150	1
351	150	1
381	150	1
405	150	1
456	150	1
508	150	1
517	150	1
528	150	1
586	150	1
589	150	1
598	150	1
871	150	1
1412	150	1
152	151	1
601	151	1
605	151	1
1136	151	1
1336	151	1
1354	151	1
1425	151	1
1989	151	1
2001	151	1
11	152	1
144	152	1
145	152	1
151	152	1
242	152	1
375	152	1
410	152	1
470	152	1
510	152	1
515	152	1
543	152	1
547	152	1
601	152	1
605	152	1
626	152	1
628	152	1
841	152	1
1136	152	1
1336	152	1
1354	152	1
1425	152	1
1989	152	1
2001	152	1
2	153	1
50	153	1
51	153	1
53	153	1
71	153	1
84	153	1
95	153	1
100	153	1
146	153	1
150	153	1
245	153	1
263	153	1
265	153	1
267	153	1
302	153	1
351	153	1
381	153	1
456	153	1
462	153	1
489	153	1
508	153	1
85	154	1
86	154	1
98	154	1
114	154	1
136	154	1
683	154	1
733	154	1
1	155	1
2	155	1
3	155	1
4	155	1
22	155	1
50	155	1
75	155	1
76	155	1
79	155	1
92	155	1
95	155	1
99	155	1
101	155	1
111	155	1
131	155	1
150	155	1
156	155	1
243	155	1
288	155	1
296	155	1
302	155	1
309	155	1
342	155	1
373	155	1
374	155	1
384	155	1
386	155	1
393	155	1
402	155	1
478	155	1
488	155	1
496	155	1
500	155	1
517	155	1
627	155	1
640	155	1
663	155	1
664	155	1
680	155	1
862	155	1
1104	155	1
1554	155	1
1561	155	1
1	156	1
2	156	1
26	156	1
50	156	1
53	156	1
76	156	1
79	156	1
92	156	1
99	156	1
138	156	1
155	156	1
288	156	1
296	156	1
342	156	1
384	156	1
386	156	1
393	156	1
468	156	1
496	156	1
534	156	1
640	156	1
663	156	1
680	156	1
777	156	1
862	156	1
1101	156	1
1104	156	1
1356	156	1
1554	156	1
1561	156	1
2018	156	1
40	157	1
42	157	1
45	157	1
67	157	1
68	157	1
335	157	1
407	157	1
413	157	1
485	157	1
852	157	1
1128	157	1
1129	157	1
1176	157	1
1246	157	1
1247	157	1
1248	157	1
1267	157	1
49	158	1
50	158	1
51	158	1
58	158	1
69	158	1
70	158	1
75	158	1
146	158	1
289	158	1
317	158	1
893	158	1
1152	158	1
1347	158	1
116	159	1
134	159	1
135	159	1
246	159	1
375	159	1
455	159	1
2098	159	1
119	160	1
120	160	1
536	160	1
1053	160	1
147	161	1
148	161	1
162	161	1
444	161	1
445	161	1
466	161	1
484	161	1
739	161	1
760	161	1
847	161	1
855	161	1
856	161	1
2150	161	1
2151	161	1
2227	161	1
2230	161	1
2262	161	1
2272	161	1
161	162	1
445	162	1
699	162	1
760	162	1
36	163	1
37	163	1
164	163	1
756	163	1
36	164	1
37	164	1
163	164	1
545	164	1
607	164	1
608	164	1
2156	164	1
85	165	1
86	165	1
114	165	1
121	165	1
122	165	1
136	165	1
700	165	1
2	166	1
50	166	1
76	166	1
103	166	1
104	166	1
167	166	1
289	166	1
316	166	1
739	166	1
865	166	1
1210	166	1
1648	166	1
103	167	1
112	167	1
166	167	1
175	167	1
176	167	1
177	167	1
180	167	1
183	167	1
186	167	1
190	167	1
191	167	1
192	167	1
195	167	1
316	167	1
334	167	1
449	167	1
518	167	1
923	167	1
924	167	1
932	167	1
933	167	1
936	167	1
937	167	1
949	167	1
1241	167	1
1243	167	1
1245	167	1
1321	167	1
1443	167	1
1446	167	1
1503	167	1
1671	167	1
25	168	1
26	168	1
169	168	1
428	168	1
724	168	1
25	169	1
26	169	1
168	169	1
171	170	1
477	170	1
537	170	1
1090	170	1
1287	170	1
1459	170	1
1498	170	1
1550	170	1
1597	170	1
1623	170	1
1637	170	1
1655	170	1
1698	170	1
1757	170	1
1769	170	1
1778	170	1
1806	170	1
1812	170	1
1819	170	1
1929	170	1
170	171	1
477	171	1
537	171	1
1090	171	1
1597	171	1
1806	171	1
1929	171	1
54	172	1
173	172	1
366	172	1
367	172	1
379	172	1
382	172	1
406	172	1
435	172	1
461	172	1
495	172	1
505	172	1
612	172	1
709	172	1
1435	172	1
172	173	1
5	174	1
71	174	1
93	174	1
97	174	1
230	174	1
260	174	1
318	174	1
374	174	1
416	174	1
548	174	1
725	174	1
731	174	1
788	174	1
889	174	1
892	174	1
905	174	1
908	174	1
916	174	1
969	174	1
987	174	1
1000	174	1
1007	174	1
1035	174	1
1036	174	1
1045	174	1
1201	174	1
1214	174	1
1216	174	1
1294	174	1
1323	174	1
1826	174	1
1856	174	1
28	175	1
29	175	1
41	175	1
42	175	1
45	175	1
46	175	1
68	175	1
69	175	1
91	175	1
113	175	1
167	175	1
176	175	1
177	175	1
178	175	1
179	175	1
180	175	1
181	175	1
182	175	1
183	175	1
184	175	1
185	175	1
186	175	1
187	175	1
189	175	1
190	175	1
191	175	1
192	175	1
195	175	1
198	175	1
199	175	1
204	175	1
205	175	1
206	175	1
207	175	1
210	175	1
213	175	1
223	175	1
235	175	1
258	175	1
275	175	1
288	175	1
334	175	1
422	175	1
423	175	1
449	175	1
518	175	1
521	175	1
535	175	1
864	175	1
912	175	1
913	175	1
914	175	1
917	175	1
918	175	1
919	175	1
921	175	1
922	175	1
923	175	1
924	175	1
925	175	1
926	175	1
927	175	1
928	175	1
932	175	1
933	175	1
934	175	1
935	175	1
936	175	1
937	175	1
938	175	1
939	175	1
940	175	1
941	175	1
942	175	1
943	175	1
944	175	1
949	175	1
953	175	1
954	175	1
955	175	1
960	175	1
964	175	1
966	175	1
967	175	1
977	175	1
1060	175	1
1073	175	1
1101	175	1
1157	175	1
1235	175	1
1241	175	1
1242	175	1
1243	175	1
1245	175	1
1254	175	1
1261	175	1
1273	175	1
1305	175	1
1321	175	1
1443	175	1
1503	175	1
1537	175	1
1540	175	1
1624	175	1
1659	175	1
1671	175	1
28	176	1
29	176	1
41	176	1
42	176	1
45	176	1
46	176	1
68	176	1
69	176	1
80	176	1
91	176	1
112	176	1
113	176	1
167	176	1
175	176	1
177	176	1
178	176	1
179	176	1
180	176	1
181	176	1
182	176	1
183	176	1
184	176	1
185	176	1
186	176	1
187	176	1
189	176	1
190	176	1
191	176	1
192	176	1
195	176	1
198	176	1
199	176	1
204	176	1
205	176	1
206	176	1
207	176	1
210	176	1
213	176	1
223	176	1
235	176	1
258	176	1
275	176	1
288	176	1
334	176	1
422	176	1
423	176	1
449	176	1
518	176	1
521	176	1
535	176	1
864	176	1
912	176	1
913	176	1
914	176	1
917	176	1
918	176	1
919	176	1
921	176	1
922	176	1
923	176	1
924	176	1
925	176	1
926	176	1
927	176	1
928	176	1
932	176	1
933	176	1
934	176	1
935	176	1
936	176	1
937	176	1
938	176	1
939	176	1
940	176	1
941	176	1
942	176	1
943	176	1
944	176	1
949	176	1
953	176	1
954	176	1
955	176	1
958	176	1
959	176	1
960	176	1
963	176	1
964	176	1
966	176	1
967	176	1
977	176	1
1060	176	1
1073	176	1
1101	176	1
1104	176	1
1114	176	1
1121	176	1
1122	176	1
1157	176	1
1235	176	1
1241	176	1
1242	176	1
1243	176	1
1245	176	1
1254	176	1
1261	176	1
1273	176	1
1305	176	1
1321	176	1
1443	176	1
1503	176	1
1537	176	1
1540	176	1
1624	176	1
1659	176	1
1671	176	1
28	177	1
29	177	1
41	177	1
42	177	1
45	177	1
46	177	1
68	177	1
69	177	1
91	177	1
112	177	1
113	177	1
167	177	1
175	177	1
176	177	1
178	177	1
179	177	1
180	177	1
181	177	1
182	177	1
183	177	1
184	177	1
185	177	1
186	177	1
187	177	1
189	177	1
190	177	1
191	177	1
192	177	1
195	177	1
198	177	1
199	177	1
204	177	1
205	177	1
206	177	1
207	177	1
210	177	1
213	177	1
223	177	1
235	177	1
258	177	1
275	177	1
288	177	1
334	177	1
422	177	1
423	177	1
449	177	1
518	177	1
521	177	1
535	177	1
864	177	1
912	177	1
913	177	1
914	177	1
917	177	1
918	177	1
919	177	1
921	177	1
922	177	1
923	177	1
925	177	1
926	177	1
927	177	1
928	177	1
932	177	1
933	177	1
934	177	1
935	177	1
936	177	1
937	177	1
938	177	1
939	177	1
940	177	1
941	177	1
942	177	1
943	177	1
944	177	1
949	177	1
953	177	1
954	177	1
955	177	1
960	177	1
964	177	1
966	177	1
967	177	1
977	177	1
1060	177	1
1073	177	1
1101	177	1
1157	177	1
1235	177	1
1241	177	1
1242	177	1
1243	177	1
1245	177	1
1254	177	1
1261	177	1
1273	177	1
1305	177	1
1321	177	1
1443	177	1
1503	177	1
1537	177	1
1540	177	1
1624	177	1
1659	177	1
1671	177	1
29	178	1
68	178	1
91	178	1
112	178	1
175	178	1
176	178	1
177	178	1
179	178	1
180	178	1
182	178	1
183	178	1
186	178	1
190	178	1
191	178	1
192	178	1
195	178	1
199	178	1
204	178	1
205	178	1
206	178	1
207	178	1
223	178	1
235	178	1
275	178	1
288	178	1
334	178	1
342	178	1
449	178	1
518	178	1
670	178	1
918	178	1
923	178	1
924	178	1
932	178	1
933	178	1
936	178	1
937	178	1
949	178	1
967	178	1
1101	178	1
1118	178	1
1157	178	1
1241	178	1
1243	178	1
1245	178	1
1256	178	1
1321	178	1
1426	178	1
1443	178	1
1449	178	1
1503	178	1
1628	178	1
1669	178	1
29	179	1
68	179	1
91	179	1
112	179	1
175	179	1
176	179	1
177	179	1
178	179	1
180	179	1
183	179	1
186	179	1
190	179	1
191	179	1
192	179	1
195	179	1
199	179	1
204	179	1
205	179	1
206	179	1
207	179	1
223	179	1
235	179	1
275	179	1
334	179	1
449	179	1
518	179	1
918	179	1
923	179	1
924	179	1
932	179	1
933	179	1
936	179	1
937	179	1
949	179	1
967	179	1
1101	179	1
1118	179	1
1241	179	1
1243	179	1
1245	179	1
1256	179	1
1321	179	1
1426	179	1
1443	179	1
1449	179	1
1503	179	1
1628	179	1
28	180	1
29	180	1
41	180	1
42	180	1
45	180	1
46	180	1
68	180	1
69	180	1
91	180	1
112	180	1
113	180	1
167	180	1
175	180	1
176	180	1
177	180	1
178	180	1
179	180	1
181	180	1
182	180	1
183	180	1
184	180	1
185	180	1
186	180	1
187	180	1
189	180	1
190	180	1
191	180	1
192	180	1
195	180	1
198	180	1
199	180	1
204	180	1
205	180	1
206	180	1
207	180	1
210	180	1
213	180	1
223	180	1
235	180	1
258	180	1
275	180	1
334	180	1
422	180	1
423	180	1
449	180	1
518	180	1
521	180	1
535	180	1
864	180	1
912	180	1
913	180	1
914	180	1
917	180	1
918	180	1
919	180	1
921	180	1
922	180	1
924	180	1
925	180	1
926	180	1
927	180	1
928	180	1
932	180	1
933	180	1
934	180	1
935	180	1
936	180	1
937	180	1
938	180	1
939	180	1
940	180	1
941	180	1
942	180	1
943	180	1
944	180	1
949	180	1
953	180	1
954	180	1
955	180	1
960	180	1
964	180	1
966	180	1
967	180	1
977	180	1
1060	180	1
1073	180	1
1101	180	1
1235	180	1
1241	180	1
1242	180	1
1243	180	1
1245	180	1
1254	180	1
1261	180	1
1273	180	1
1305	180	1
1321	180	1
1443	180	1
1503	180	1
1537	180	1
1540	180	1
1624	180	1
1659	180	1
1671	180	1
29	181	1
68	181	1
91	181	1
112	181	1
175	181	1
176	181	1
177	181	1
180	181	1
183	181	1
186	181	1
190	181	1
191	181	1
192	181	1
195	181	1
199	181	1
204	181	1
205	181	1
206	181	1
207	181	1
223	181	1
275	181	1
288	181	1
334	181	1
449	181	1
518	181	1
580	181	1
918	181	1
923	181	1
924	181	1
932	181	1
933	181	1
936	181	1
937	181	1
949	181	1
967	181	1
1101	181	1
1157	181	1
1241	181	1
1243	181	1
1245	181	1
1321	181	1
1443	181	1
1503	181	1
29	182	1
64	182	1
68	182	1
91	182	1
112	182	1
175	182	1
176	182	1
177	182	1
178	182	1
180	182	1
183	182	1
186	182	1
190	182	1
191	182	1
192	182	1
195	182	1
199	182	1
204	182	1
205	182	1
206	182	1
207	182	1
223	182	1
275	182	1
288	182	1
334	182	1
449	182	1
518	182	1
918	182	1
923	182	1
924	182	1
932	182	1
933	182	1
936	182	1
937	182	1
949	182	1
967	182	1
1101	182	1
1157	182	1
1241	182	1
1243	182	1
1245	182	1
1321	182	1
1443	182	1
1503	182	1
28	183	1
29	183	1
41	183	1
42	183	1
45	183	1
46	183	1
68	183	1
69	183	1
91	183	1
112	183	1
113	183	1
167	183	1
175	183	1
176	183	1
177	183	1
178	183	1
179	183	1
180	183	1
181	183	1
182	183	1
184	183	1
185	183	1
186	183	1
187	183	1
189	183	1
191	183	1
192	183	1
195	183	1
198	183	1
199	183	1
204	183	1
205	183	1
206	183	1
207	183	1
210	183	1
213	183	1
223	183	1
235	183	1
258	183	1
275	183	1
334	183	1
422	183	1
423	183	1
449	183	1
518	183	1
521	183	1
535	183	1
864	183	1
912	183	1
913	183	1
914	183	1
917	183	1
918	183	1
919	183	1
921	183	1
922	183	1
923	183	1
924	183	1
925	183	1
926	183	1
927	183	1
928	183	1
932	183	1
933	183	1
934	183	1
935	183	1
936	183	1
937	183	1
938	183	1
939	183	1
940	183	1
941	183	1
942	183	1
943	183	1
944	183	1
949	183	1
953	183	1
954	183	1
955	183	1
960	183	1
964	183	1
966	183	1
967	183	1
977	183	1
1060	183	1
1073	183	1
1101	183	1
1235	183	1
1241	183	1
1242	183	1
1243	183	1
1245	183	1
1254	183	1
1261	183	1
1273	183	1
1305	183	1
1321	183	1
1443	183	1
1503	183	1
1537	183	1
1540	183	1
1624	183	1
1659	183	1
1671	183	1
29	184	1
68	184	1
91	184	1
112	184	1
175	184	1
176	184	1
177	184	1
180	184	1
183	184	1
186	184	1
190	184	1
191	184	1
192	184	1
195	184	1
199	184	1
204	184	1
205	184	1
206	184	1
207	184	1
223	184	1
275	184	1
334	184	1
449	184	1
518	184	1
918	184	1
923	184	1
924	184	1
932	184	1
933	184	1
936	184	1
937	184	1
949	184	1
967	184	1
1101	184	1
1241	184	1
1243	184	1
1245	184	1
1321	184	1
1443	184	1
1503	184	1
29	185	1
68	185	1
91	185	1
112	185	1
175	185	1
176	185	1
177	185	1
180	185	1
183	185	1
186	185	1
190	185	1
191	185	1
192	185	1
195	185	1
199	185	1
204	185	1
205	185	1
206	185	1
207	185	1
223	185	1
275	185	1
334	185	1
449	185	1
518	185	1
918	185	1
923	185	1
924	185	1
932	185	1
933	185	1
936	185	1
937	185	1
949	185	1
967	185	1
1101	185	1
1241	185	1
1243	185	1
1245	185	1
1321	185	1
1443	185	1
1503	185	1
28	186	1
29	186	1
41	186	1
42	186	1
45	186	1
46	186	1
68	186	1
69	186	1
91	186	1
112	186	1
113	186	1
167	186	1
175	186	1
176	186	1
177	186	1
178	186	1
179	186	1
180	186	1
181	186	1
182	186	1
183	186	1
184	186	1
185	186	1
187	186	1
189	186	1
190	186	1
191	186	1
192	186	1
195	186	1
198	186	1
199	186	1
204	186	1
205	186	1
206	186	1
207	186	1
210	186	1
213	186	1
223	186	1
235	186	1
258	186	1
275	186	1
334	186	1
422	186	1
423	186	1
449	186	1
518	186	1
521	186	1
535	186	1
864	186	1
912	186	1
913	186	1
914	186	1
917	186	1
918	186	1
919	186	1
921	186	1
922	186	1
923	186	1
924	186	1
925	186	1
926	186	1
927	186	1
928	186	1
932	186	1
933	186	1
934	186	1
935	186	1
936	186	1
938	186	1
939	186	1
940	186	1
941	186	1
942	186	1
943	186	1
944	186	1
949	186	1
953	186	1
954	186	1
955	186	1
960	186	1
964	186	1
966	186	1
967	186	1
977	186	1
1060	186	1
1073	186	1
1101	186	1
1235	186	1
1241	186	1
1242	186	1
1243	186	1
1245	186	1
1254	186	1
1261	186	1
1273	186	1
1305	186	1
1321	186	1
1443	186	1
1503	186	1
1537	186	1
1540	186	1
1624	186	1
1659	186	1
1671	186	1
29	187	1
68	187	1
91	187	1
112	187	1
175	187	1
176	187	1
177	187	1
180	187	1
183	187	1
186	187	1
190	187	1
191	187	1
192	187	1
195	187	1
199	187	1
204	187	1
205	187	1
206	187	1
207	187	1
223	187	1
275	187	1
288	187	1
334	187	1
449	187	1
518	187	1
918	187	1
923	187	1
924	187	1
932	187	1
933	187	1
936	187	1
937	187	1
949	187	1
967	187	1
1101	187	1
1157	187	1
1241	187	1
1243	187	1
1245	187	1
1321	187	1
1443	187	1
1503	187	1
15	188	1
16	188	1
29	189	1
68	189	1
91	189	1
112	189	1
175	189	1
176	189	1
177	189	1
180	189	1
183	189	1
186	189	1
190	189	1
191	189	1
192	189	1
195	189	1
199	189	1
204	189	1
205	189	1
206	189	1
207	189	1
223	189	1
275	189	1
334	189	1
432	189	1
449	189	1
518	189	1
918	189	1
923	189	1
924	189	1
932	189	1
933	189	1
936	189	1
937	189	1
949	189	1
967	189	1
1101	189	1
1241	189	1
1243	189	1
1245	189	1
1321	189	1
1443	189	1
1503	189	1
28	190	1
29	190	1
41	190	1
42	190	1
45	190	1
46	190	1
68	190	1
69	190	1
91	190	1
112	190	1
113	190	1
167	190	1
175	190	1
176	190	1
177	190	1
178	190	1
179	190	1
180	190	1
181	190	1
182	190	1
184	190	1
185	190	1
186	190	1
187	190	1
189	190	1
191	190	1
192	190	1
195	190	1
198	190	1
199	190	1
204	190	1
205	190	1
206	190	1
207	190	1
210	190	1
213	190	1
223	190	1
235	190	1
258	190	1
275	190	1
334	190	1
422	190	1
423	190	1
449	190	1
518	190	1
521	190	1
535	190	1
864	190	1
912	190	1
913	190	1
914	190	1
917	190	1
918	190	1
919	190	1
921	190	1
922	190	1
923	190	1
924	190	1
925	190	1
926	190	1
927	190	1
928	190	1
932	190	1
933	190	1
934	190	1
935	190	1
936	190	1
937	190	1
938	190	1
939	190	1
940	190	1
941	190	1
942	190	1
943	190	1
944	190	1
949	190	1
953	190	1
954	190	1
955	190	1
960	190	1
964	190	1
966	190	1
967	190	1
977	190	1
1060	190	1
1073	190	1
1101	190	1
1235	190	1
1241	190	1
1242	190	1
1243	190	1
1245	190	1
1254	190	1
1261	190	1
1273	190	1
1305	190	1
1321	190	1
1443	190	1
1503	190	1
1537	190	1
1540	190	1
1624	190	1
1659	190	1
1671	190	1
28	191	1
29	191	1
41	191	1
42	191	1
45	191	1
46	191	1
68	191	1
69	191	1
91	191	1
112	191	1
113	191	1
167	191	1
175	191	1
176	191	1
177	191	1
178	191	1
179	191	1
180	191	1
181	191	1
182	191	1
183	191	1
184	191	1
185	191	1
186	191	1
187	191	1
189	191	1
190	191	1
192	191	1
198	191	1
199	191	1
204	191	1
205	191	1
206	191	1
207	191	1
210	191	1
213	191	1
223	191	1
235	191	1
258	191	1
275	191	1
334	191	1
422	191	1
423	191	1
449	191	1
518	191	1
521	191	1
535	191	1
864	191	1
912	191	1
913	191	1
914	191	1
917	191	1
918	191	1
919	191	1
921	191	1
922	191	1
923	191	1
924	191	1
925	191	1
926	191	1
927	191	1
928	191	1
932	191	1
933	191	1
934	191	1
935	191	1
936	191	1
937	191	1
938	191	1
939	191	1
940	191	1
941	191	1
942	191	1
943	191	1
944	191	1
949	191	1
953	191	1
954	191	1
955	191	1
960	191	1
964	191	1
966	191	1
967	191	1
977	191	1
1060	191	1
1073	191	1
1101	191	1
1235	191	1
1241	191	1
1242	191	1
1243	191	1
1245	191	1
1254	191	1
1261	191	1
1273	191	1
1305	191	1
1321	191	1
1443	191	1
1503	191	1
1537	191	1
1540	191	1
1624	191	1
1659	191	1
1671	191	1
28	192	1
29	192	1
41	192	1
42	192	1
45	192	1
46	192	1
68	192	1
69	192	1
80	192	1
91	192	1
112	192	1
113	192	1
167	192	1
175	192	1
176	192	1
177	192	1
178	192	1
179	192	1
180	192	1
181	192	1
182	192	1
183	192	1
184	192	1
185	192	1
186	192	1
187	192	1
189	192	1
190	192	1
191	192	1
195	192	1
198	192	1
199	192	1
204	192	1
205	192	1
206	192	1
207	192	1
210	192	1
213	192	1
223	192	1
235	192	1
258	192	1
275	192	1
334	192	1
422	192	1
423	192	1
449	192	1
518	192	1
521	192	1
535	192	1
864	192	1
912	192	1
913	192	1
914	192	1
917	192	1
918	192	1
919	192	1
921	192	1
922	192	1
923	192	1
924	192	1
925	192	1
926	192	1
927	192	1
928	192	1
932	192	1
933	192	1
934	192	1
935	192	1
936	192	1
937	192	1
938	192	1
939	192	1
940	192	1
941	192	1
942	192	1
943	192	1
944	192	1
949	192	1
953	192	1
954	192	1
955	192	1
958	192	1
959	192	1
960	192	1
963	192	1
964	192	1
966	192	1
967	192	1
977	192	1
1060	192	1
1073	192	1
1101	192	1
1104	192	1
1114	192	1
1121	192	1
1122	192	1
1235	192	1
1241	192	1
1242	192	1
1243	192	1
1245	192	1
1254	192	1
1261	192	1
1273	192	1
1305	192	1
1321	192	1
1443	192	1
1503	192	1
1537	192	1
1540	192	1
1624	192	1
1659	192	1
1671	192	1
194	193	1
323	193	1
991	193	1
1221	193	1
1417	193	1
1469	193	1
193	194	1
323	194	1
531	194	1
991	194	1
1119	194	1
1221	194	1
1417	194	1
1469	194	1
1928	194	1
2015	194	1
2024	194	1
2063	194	1
2064	194	1
2068	194	1
28	195	1
29	195	1
41	195	1
42	195	1
45	195	1
46	195	1
68	195	1
69	195	1
91	195	1
112	195	1
113	195	1
167	195	1
175	195	1
176	195	1
177	195	1
178	195	1
179	195	1
180	195	1
181	195	1
182	195	1
183	195	1
184	195	1
185	195	1
186	195	1
187	195	1
189	195	1
190	195	1
192	195	1
198	195	1
199	195	1
204	195	1
205	195	1
206	195	1
207	195	1
210	195	1
213	195	1
223	195	1
235	195	1
258	195	1
275	195	1
334	195	1
422	195	1
423	195	1
449	195	1
518	195	1
521	195	1
535	195	1
864	195	1
912	195	1
913	195	1
914	195	1
917	195	1
918	195	1
919	195	1
921	195	1
922	195	1
923	195	1
924	195	1
925	195	1
926	195	1
927	195	1
928	195	1
932	195	1
933	195	1
934	195	1
935	195	1
936	195	1
937	195	1
938	195	1
939	195	1
940	195	1
941	195	1
942	195	1
943	195	1
944	195	1
949	195	1
953	195	1
954	195	1
955	195	1
960	195	1
964	195	1
966	195	1
967	195	1
977	195	1
1060	195	1
1073	195	1
1101	195	1
1235	195	1
1241	195	1
1242	195	1
1243	195	1
1245	195	1
1254	195	1
1261	195	1
1273	195	1
1305	195	1
1321	195	1
1443	195	1
1503	195	1
1537	195	1
1540	195	1
1624	195	1
1659	195	1
1671	195	1
197	196	1
375	196	1
542	196	1
641	196	1
642	196	1
758	196	1
1230	196	1
1271	196	1
2110	196	1
2137	196	1
2164	196	1
196	197	1
375	197	1
1413	197	1
2164	197	1
29	198	1
65	198	1
68	198	1
91	198	1
112	198	1
175	198	1
176	198	1
177	198	1
180	198	1
183	198	1
186	198	1
190	198	1
191	198	1
192	198	1
195	198	1
199	198	1
204	198	1
205	198	1
206	198	1
207	198	1
223	198	1
275	198	1
518	198	1
629	198	1
886	198	1
918	198	1
923	198	1
924	198	1
932	198	1
933	198	1
936	198	1
937	198	1
949	198	1
967	198	1
985	198	1
1101	198	1
1279	198	1
28	199	1
29	199	1
41	199	1
42	199	1
45	199	1
46	199	1
65	199	1
68	199	1
80	199	1
91	199	1
112	199	1
175	199	1
176	199	1
177	199	1
178	199	1
179	199	1
180	199	1
181	199	1
182	199	1
183	199	1
184	199	1
185	199	1
186	199	1
187	199	1
189	199	1
190	199	1
191	199	1
192	199	1
195	199	1
198	199	1
204	199	1
205	199	1
206	199	1
207	199	1
210	199	1
213	199	1
223	199	1
235	199	1
258	199	1
275	199	1
423	199	1
518	199	1
521	199	1
535	199	1
559	199	1
704	199	1
912	199	1
913	199	1
914	199	1
917	199	1
918	199	1
919	199	1
921	199	1
922	199	1
923	199	1
924	199	1
925	199	1
926	199	1
927	199	1
928	199	1
932	199	1
933	199	1
934	199	1
935	199	1
936	199	1
937	199	1
938	199	1
939	199	1
940	199	1
941	199	1
942	199	1
943	199	1
944	199	1
949	199	1
953	199	1
954	199	1
955	199	1
958	199	1
959	199	1
960	199	1
963	199	1
964	199	1
966	199	1
967	199	1
977	199	1
1101	199	1
1104	199	1
1114	199	1
1121	199	1
1122	199	1
2009	199	1
201	200	1
215	200	1
509	200	1
707	200	1
902	200	1
1250	200	1
1379	200	1
200	201	1
215	201	1
509	201	1
902	201	1
1250	201	1
1379	201	1
203	202	1
487	202	1
509	202	1
1379	202	1
1704	202	1
1764	202	1
1851	202	1
202	203	1
487	203	1
509	203	1
1379	203	1
28	204	1
29	204	1
41	204	1
42	204	1
45	204	1
46	204	1
68	204	1
69	204	1
91	204	1
112	204	1
113	204	1
175	204	1
176	204	1
177	204	1
178	204	1
179	204	1
180	204	1
181	204	1
182	204	1
183	204	1
184	204	1
185	204	1
186	204	1
187	204	1
189	204	1
190	204	1
191	204	1
192	204	1
195	204	1
198	204	1
199	204	1
205	204	1
206	204	1
207	204	1
210	204	1
213	204	1
223	204	1
235	204	1
258	204	1
275	204	1
422	204	1
423	204	1
518	204	1
521	204	1
535	204	1
695	204	1
864	204	1
912	204	1
913	204	1
914	204	1
917	204	1
918	204	1
919	204	1
921	204	1
922	204	1
923	204	1
924	204	1
925	204	1
926	204	1
927	204	1
928	204	1
932	204	1
933	204	1
934	204	1
935	204	1
936	204	1
937	204	1
938	204	1
939	204	1
940	204	1
941	204	1
942	204	1
943	204	1
944	204	1
949	204	1
953	204	1
954	204	1
955	204	1
960	204	1
964	204	1
966	204	1
977	204	1
1060	204	1
1073	204	1
1101	204	1
1235	204	1
1242	204	1
1254	204	1
1261	204	1
1273	204	1
1305	204	1
1537	204	1
1540	204	1
1624	204	1
28	205	1
29	205	1
41	205	1
42	205	1
45	205	1
46	205	1
68	205	1
69	205	1
91	205	1
112	205	1
113	205	1
175	205	1
176	205	1
177	205	1
178	205	1
179	205	1
180	205	1
181	205	1
182	205	1
183	205	1
184	205	1
185	205	1
186	205	1
187	205	1
189	205	1
190	205	1
191	205	1
192	205	1
195	205	1
198	205	1
199	205	1
204	205	1
206	205	1
210	205	1
213	205	1
223	205	1
235	205	1
246	205	1
258	205	1
275	205	1
400	205	1
423	205	1
432	205	1
492	205	1
516	205	1
518	205	1
521	205	1
535	205	1
864	205	1
892	205	1
912	205	1
913	205	1
914	205	1
917	205	1
918	205	1
919	205	1
921	205	1
922	205	1
923	205	1
924	205	1
925	205	1
926	205	1
927	205	1
928	205	1
932	205	1
933	205	1
934	205	1
935	205	1
936	205	1
937	205	1
938	205	1
939	205	1
940	205	1
941	205	1
942	205	1
943	205	1
944	205	1
949	205	1
953	205	1
954	205	1
955	205	1
960	205	1
964	205	1
966	205	1
967	205	1
977	205	1
1060	205	1
1073	205	1
1101	205	1
1121	205	1
1183	205	1
1235	205	1
1242	205	1
1537	205	1
1540	205	1
1624	205	1
1674	205	1
1706	205	1
1708	205	1
1772	205	1
1774	205	1
28	206	1
29	206	1
41	206	1
42	206	1
45	206	1
46	206	1
68	206	1
69	206	1
80	206	1
91	206	1
112	206	1
113	206	1
175	206	1
176	206	1
177	206	1
178	206	1
179	206	1
180	206	1
181	206	1
182	206	1
183	206	1
184	206	1
185	206	1
186	206	1
187	206	1
189	206	1
190	206	1
191	206	1
192	206	1
195	206	1
198	206	1
199	206	1
204	206	1
205	206	1
207	206	1
210	206	1
213	206	1
223	206	1
235	206	1
258	206	1
275	206	1
422	206	1
423	206	1
518	206	1
521	206	1
535	206	1
645	206	1
864	206	1
912	206	1
913	206	1
914	206	1
917	206	1
918	206	1
919	206	1
921	206	1
922	206	1
923	206	1
924	206	1
925	206	1
926	206	1
927	206	1
928	206	1
932	206	1
933	206	1
934	206	1
935	206	1
936	206	1
937	206	1
938	206	1
939	206	1
940	206	1
941	206	1
942	206	1
943	206	1
944	206	1
949	206	1
953	206	1
954	206	1
955	206	1
958	206	1
959	206	1
960	206	1
963	206	1
964	206	1
966	206	1
967	206	1
977	206	1
1060	206	1
1073	206	1
1101	206	1
1104	206	1
1114	206	1
1118	206	1
1121	206	1
1122	206	1
1235	206	1
1242	206	1
1254	206	1
1256	206	1
1261	206	1
1273	206	1
1305	206	1
1426	206	1
1449	206	1
1537	206	1
1540	206	1
1624	206	1
1628	206	1
28	207	1
29	207	1
41	207	1
42	207	1
45	207	1
46	207	1
68	207	1
69	207	1
91	207	1
112	207	1
175	207	1
176	207	1
177	207	1
178	207	1
179	207	1
180	207	1
181	207	1
182	207	1
183	207	1
184	207	1
185	207	1
186	207	1
187	207	1
189	207	1
190	207	1
191	207	1
192	207	1
195	207	1
198	207	1
199	207	1
204	207	1
206	207	1
210	207	1
213	207	1
223	207	1
235	207	1
246	207	1
258	207	1
275	207	1
400	207	1
423	207	1
518	207	1
521	207	1
535	207	1
864	207	1
912	207	1
913	207	1
914	207	1
917	207	1
918	207	1
919	207	1
921	207	1
922	207	1
923	207	1
924	207	1
925	207	1
926	207	1
927	207	1
928	207	1
932	207	1
933	207	1
934	207	1
935	207	1
936	207	1
937	207	1
938	207	1
939	207	1
940	207	1
941	207	1
942	207	1
943	207	1
944	207	1
949	207	1
953	207	1
954	207	1
955	207	1
960	207	1
964	207	1
966	207	1
967	207	1
977	207	1
1060	207	1
1073	207	1
1101	207	1
1183	207	1
1235	207	1
1242	207	1
1537	207	1
1540	207	1
1624	207	1
209	208	1
606	208	1
1159	208	1
208	209	1
228	209	1
229	209	1
315	209	1
606	209	1
1140	209	1
1225	209	1
1293	209	1
1419	209	1
1651	209	1
29	210	1
67	210	1
68	210	1
91	210	1
112	210	1
113	210	1
175	210	1
176	210	1
177	210	1
180	210	1
183	210	1
186	210	1
190	210	1
191	210	1
192	210	1
195	210	1
199	210	1
204	210	1
205	210	1
206	210	1
207	210	1
223	210	1
275	210	1
322	210	1
432	210	1
492	210	1
516	210	1
518	210	1
892	210	1
918	210	1
923	210	1
924	210	1
932	210	1
933	210	1
936	210	1
937	210	1
949	210	1
967	210	1
1101	210	1
1121	210	1
1253	210	1
1262	210	1
1494	210	1
1495	210	1
1674	210	1
1706	210	1
1708	210	1
1772	210	1
1774	210	1
1872	210	1
212	211	1
221	211	1
222	211	1
993	211	1
1011	211	1
1012	211	1
1016	211	1
1027	211	1
1030	211	1
1161	211	1
1533	211	1
1889	211	1
211	212	1
221	212	1
222	212	1
993	212	1
1011	212	1
1012	212	1
1016	212	1
1027	212	1
1030	212	1
1161	212	1
1533	212	1
1889	212	1
29	213	1
67	213	1
68	213	1
91	213	1
112	213	1
175	213	1
176	213	1
177	213	1
180	213	1
183	213	1
186	213	1
190	213	1
191	213	1
192	213	1
195	213	1
199	213	1
204	213	1
205	213	1
206	213	1
207	213	1
223	213	1
275	213	1
322	213	1
476	213	1
518	213	1
918	213	1
923	213	1
924	213	1
932	213	1
933	213	1
936	213	1
937	213	1
949	213	1
967	213	1
1101	213	1
1253	213	1
1262	213	1
1494	213	1
1495	213	1
1872	213	1
215	214	1
1264	214	1
1297	214	1
200	215	1
201	215	1
214	215	1
470	215	1
509	215	1
707	215	1
741	215	1
902	215	1
994	215	1
1250	215	1
1379	215	1
1821	215	1
2214	215	1
217	216	1
976	216	1
216	217	1
219	217	1
220	217	1
259	217	1
272	217	1
424	217	1
504	217	1
594	217	1
905	217	1
991	217	1
998	217	1
1017	217	1
1031	217	1
1186	217	1
1312	217	1
1348	217	1
1565	217	1
1793	217	1
1975	217	1
1992	217	1
2039	217	1
9	218	1
10	218	1
21	218	1
418	218	1
975	218	1
1038	218	1
11	219	1
217	219	1
220	219	1
224	219	1
227	219	1
272	219	1
353	219	1
495	219	1
636	219	1
1148	219	1
1150	219	1
1312	219	1
1318	219	1
1793	219	1
1992	219	1
2039	219	1
217	220	1
219	220	1
224	220	1
227	220	1
246	220	1
247	220	1
248	220	1
272	220	1
400	220	1
1148	220	1
1150	220	1
1193	220	1
1202	220	1
1215	220	1
1312	220	1
1793	220	1
1992	220	1
2039	220	1
211	221	1
212	221	1
222	221	1
993	221	1
1011	221	1
1012	221	1
1016	221	1
1027	221	1
1030	221	1
1161	221	1
1533	221	1
1889	221	1
211	222	1
212	222	1
221	222	1
993	222	1
1011	222	1
1012	222	1
1016	222	1
1027	222	1
1030	222	1
1161	222	1
1533	222	1
1889	222	1
28	223	1
29	223	1
41	223	1
42	223	1
45	223	1
46	223	1
68	223	1
69	223	1
80	223	1
91	223	1
112	223	1
113	223	1
175	223	1
176	223	1
177	223	1
178	223	1
179	223	1
180	223	1
181	223	1
182	223	1
183	223	1
184	223	1
185	223	1
186	223	1
187	223	1
189	223	1
190	223	1
191	223	1
192	223	1
195	223	1
198	223	1
199	223	1
204	223	1
205	223	1
206	223	1
207	223	1
210	223	1
213	223	1
235	223	1
258	223	1
275	223	1
422	223	1
423	223	1
518	223	1
521	223	1
535	223	1
864	223	1
912	223	1
913	223	1
914	223	1
917	223	1
918	223	1
919	223	1
921	223	1
922	223	1
923	223	1
924	223	1
925	223	1
926	223	1
927	223	1
928	223	1
932	223	1
933	223	1
934	223	1
935	223	1
936	223	1
937	223	1
938	223	1
939	223	1
940	223	1
941	223	1
942	223	1
943	223	1
944	223	1
949	223	1
953	223	1
954	223	1
955	223	1
958	223	1
959	223	1
960	223	1
963	223	1
964	223	1
966	223	1
967	223	1
977	223	1
1060	223	1
1073	223	1
1101	223	1
1104	223	1
1114	223	1
1121	223	1
1122	223	1
1235	223	1
1242	223	1
1254	223	1
1261	223	1
1273	223	1
1305	223	1
1537	223	1
1540	223	1
1624	223	1
219	224	1
220	224	1
259	224	1
424	224	1
504	224	1
594	224	1
991	224	1
998	224	1
1017	224	1
1031	224	1
1312	224	1
1565	224	1
1793	224	1
1975	224	1
1992	224	1
2039	224	1
226	225	1
318	225	1
321	225	1
725	225	1
905	225	1
225	226	1
321	226	1
499	226	1
725	226	1
1120	226	1
1150	226	1
1741	226	1
219	227	1
220	227	1
259	227	1
424	227	1
504	227	1
594	227	1
991	227	1
998	227	1
1017	227	1
1031	227	1
1312	227	1
1565	227	1
1793	227	1
1975	227	1
1992	227	1
2039	227	1
129	228	1
130	228	1
209	228	1
229	228	1
294	228	1
315	228	1
385	228	1
451	228	1
606	228	1
674	228	1
708	228	1
711	228	1
1293	228	1
1419	228	1
1651	228	1
1832	228	1
129	229	1
209	229	1
228	229	1
315	229	1
385	229	1
606	229	1
1056	229	1
1293	229	1
1419	229	1
1651	229	1
174	230	1
232	231	1
140	232	1
231	232	1
242	232	1
268	232	1
391	232	1
1251	232	1
234	233	1
244	233	1
832	233	1
1077	233	1
1538	233	1
1733	233	1
233	234	1
244	234	1
832	234	1
1538	234	1
1733	234	1
2245	234	1
29	235	1
51	235	1
64	235	1
65	235	1
68	235	1
91	235	1
112	235	1
175	235	1
176	235	1
177	235	1
178	235	1
179	235	1
180	235	1
183	235	1
186	235	1
190	235	1
191	235	1
192	235	1
195	235	1
199	235	1
204	235	1
205	235	1
206	235	1
207	235	1
223	235	1
275	235	1
518	235	1
629	235	1
918	235	1
923	235	1
924	235	1
932	235	1
933	235	1
936	235	1
937	235	1
949	235	1
967	235	1
1101	235	1
1118	235	1
1256	235	1
1387	235	1
1426	235	1
1449	235	1
1669	235	1
237	236	1
236	237	1
288	237	1
850	237	1
117	238	1
118	238	1
239	238	1
262	238	1
339	238	1
496	238	1
544	238	1
1110	238	1
1124	238	1
1391	238	1
1447	238	1
1582	238	1
109	239	1
117	239	1
118	239	1
238	239	1
262	239	1
339	239	1
350	239	1
469	239	1
496	239	1
544	239	1
688	239	1
951	239	1
1082	239	1
1110	239	1
1124	239	1
1125	239	1
1301	239	1
1309	239	1
1447	239	1
1531	239	1
1577	239	1
1582	239	1
1750	239	1
116	240	1
241	240	1
249	240	1
769	240	1
2077	240	1
2107	240	1
240	241	1
249	241	1
769	241	1
2077	241	1
2107	241	1
11	242	1
12	242	1
13	242	1
14	242	1
27	242	1
54	242	1
55	242	1
56	242	1
57	242	1
59	242	1
120	242	1
144	242	1
145	242	1
152	242	1
232	242	1
264	242	1
268	242	1
281	242	1
310	242	1
314	242	1
354	242	1
367	242	1
379	242	1
408	242	1
410	242	1
461	242	1
470	242	1
510	242	1
515	242	1
547	242	1
563	242	1
579	242	1
600	242	1
796	242	1
1109	242	1
1771	242	1
2	243	1
3	243	1
4	243	1
22	243	1
99	243	1
101	243	1
102	243	1
131	243	1
155	243	1
296	243	1
309	243	1
384	243	1
388	243	1
393	243	1
439	243	1
478	243	1
614	243	1
643	243	1
720	243	1
749	243	1
808	243	1
1694	243	1
1748	243	1
1870	243	1
7	244	1
8	244	1
28	244	1
41	244	1
42	244	1
233	244	1
234	244	1
269	244	1
289	244	1
293	244	1
307	244	1
311	244	1
410	244	1
832	244	1
882	244	1
1012	244	1
1016	244	1
1027	244	1
1030	244	1
1077	244	1
1138	244	1
1152	244	1
1173	244	1
1174	244	1
1647	244	1
1660	244	1
1689	244	1
1691	244	1
1733	244	1
1892	244	1
1901	244	1
1958	244	1
2000	244	1
2215	244	1
2216	244	1
2217	244	1
1	245	1
2	245	1
49	245	1
50	245	1
51	245	1
52	245	1
53	245	1
58	245	1
69	245	1
70	245	1
71	245	1
75	245	1
76	245	1
80	245	1
81	245	1
84	245	1
92	245	1
95	245	1
97	245	1
99	245	1
100	245	1
143	245	1
150	245	1
153	245	1
251	245	1
252	245	1
263	245	1
265	245	1
267	245	1
296	245	1
302	245	1
342	245	1
351	245	1
381	245	1
405	245	1
423	245	1
456	245	1
462	245	1
472	245	1
489	245	1
508	245	1
512	245	1
528	245	1
554	245	1
589	245	1
598	245	1
599	245	1
632	245	1
652	245	1
808	245	1
826	245	1
841	245	1
1210	245	1
1345	245	1
1412	245	1
134	246	1
135	246	1
159	246	1
205	246	1
207	246	1
220	246	1
247	246	1
248	246	1
254	246	1
255	246	1
300	246	1
397	246	1
400	246	1
448	246	1
455	246	1
473	246	1
516	246	1
560	246	1
597	246	1
681	246	1
702	246	1
723	246	1
892	246	1
1026	246	1
1028	246	1
1034	246	1
1041	246	1
1042	246	1
1043	246	1
1050	246	1
1051	246	1
1057	246	1
1067	246	1
1156	246	1
1163	246	1
1187	246	1
1192	246	1
1193	246	1
1194	246	1
1202	246	1
1215	246	1
1249	246	1
1255	246	1
1289	246	1
1302	246	1
1317	246	1
1320	246	1
1331	246	1
1335	246	1
1360	246	1
1408	246	1
1411	246	1
1493	246	1
1588	246	1
1697	246	1
1717	246	1
1909	246	1
1954	246	1
220	247	1
246	247	1
300	247	1
400	247	1
597	247	1
1187	247	1
1192	247	1
1411	247	1
1909	247	1
1954	247	1
21	248	1
220	248	1
246	248	1
300	248	1
400	248	1
597	248	1
692	248	1
883	248	1
1187	248	1
1192	248	1
1411	248	1
1909	248	1
1954	248	1
240	249	1
241	249	1
1558	249	1
2077	249	1
2089	249	1
251	250	1
450	250	1
698	250	1
828	250	1
42	251	1
45	251	1
46	251	1
245	251	1
250	251	1
265	251	1
335	251	1
624	251	1
659	251	1
697	251	1
698	251	1
716	251	1
721	251	1
2084	251	1
245	252	1
253	252	1
806	252	1
252	253	1
144	254	1
246	254	1
255	254	1
400	254	1
466	254	1
474	254	1
579	254	1
617	254	1
705	254	1
1034	254	1
1051	254	1
1067	254	1
1126	254	1
1154	254	1
1155	254	1
1192	254	1
1193	254	1
1202	254	1
1208	254	1
1215	254	1
1264	254	1
1265	254	1
1297	254	1
1454	254	1
1571	254	1
1583	254	1
1657	254	1
1705	254	1
2014	254	1
2020	254	1
67	255	1
246	255	1
254	255	1
400	255	1
448	255	1
482	255	1
516	255	1
562	255	1
681	255	1
920	255	1
1034	255	1
1051	255	1
1067	255	1
1126	255	1
1154	255	1
1155	255	1
1249	255	1
1256	255	1
1257	255	1
1264	255	1
1265	255	1
1266	255	1
1277	255	1
1297	255	1
1427	255	1
1454	255	1
1460	255	1
1483	255	1
1493	255	1
1537	255	1
1540	255	1
1583	255	1
1624	255	1
1657	255	1
1705	255	1
1717	255	1
257	256	1
1143	256	1
256	257	1
276	257	1
1116	257	1
1605	257	1
28	258	1
29	258	1
40	258	1
65	258	1
68	258	1
91	258	1
112	258	1
175	258	1
176	258	1
177	258	1
180	258	1
183	258	1
186	258	1
190	258	1
191	258	1
192	258	1
195	258	1
199	258	1
204	258	1
205	258	1
206	258	1
207	258	1
223	258	1
275	258	1
518	258	1
524	258	1
918	258	1
923	258	1
924	258	1
932	258	1
933	258	1
936	258	1
937	258	1
949	258	1
967	258	1
1101	258	1
1414	258	1
1438	258	1
1690	258	1
1838	258	1
1844	258	1
217	259	1
224	259	1
227	259	1
272	259	1
424	259	1
510	259	1
562	259	1
920	259	1
991	259	1
997	259	1
998	259	1
999	259	1
1001	259	1
1003	259	1
1017	259	1
1031	259	1
1148	259	1
1150	259	1
129	260	1
174	260	1
294	260	1
905	260	1
262	261	1
117	262	1
118	262	1
238	262	1
239	262	1
261	262	1
339	262	1
496	262	1
507	262	1
544	262	1
813	262	1
1110	262	1
1124	262	1
1447	262	1
1577	262	1
1582	262	1
1878	262	1
2	263	1
49	263	1
50	263	1
51	263	1
52	263	1
53	263	1
58	263	1
70	263	1
71	263	1
75	263	1
76	263	1
80	263	1
81	263	1
84	263	1
92	263	1
95	263	1
99	263	1
100	263	1
143	263	1
150	263	1
153	263	1
245	263	1
265	263	1
267	263	1
296	263	1
302	263	1
309	263	1
342	263	1
351	263	1
381	263	1
405	263	1
423	263	1
456	263	1
462	263	1
471	263	1
472	263	1
489	263	1
508	263	1
510	263	1
512	263	1
528	263	1
554	263	1
599	263	1
790	263	1
823	263	1
1345	263	1
11	264	1
12	264	1
13	264	1
14	264	1
27	264	1
54	264	1
55	264	1
56	264	1
57	264	1
59	264	1
242	264	1
268	264	1
281	264	1
310	264	1
314	264	1
410	264	1
600	264	1
719	264	1
1109	264	1
2	265	1
49	265	1
50	265	1
51	265	1
52	265	1
53	265	1
58	265	1
69	265	1
71	265	1
75	265	1
76	265	1
80	265	1
81	265	1
84	265	1
95	265	1
97	265	1
100	265	1
143	265	1
150	265	1
153	265	1
245	265	1
251	265	1
263	265	1
267	265	1
302	265	1
309	265	1
351	265	1
381	265	1
405	265	1
423	265	1
456	265	1
462	265	1
472	265	1
489	265	1
508	265	1
526	265	1
528	265	1
554	265	1
589	265	1
599	265	1
770	265	1
1345	265	1
1375	265	1
1377	265	1
1412	265	1
1482	265	1
1488	265	1
1489	265	1
1505	265	1
1587	265	1
1622	265	1
1737	265	1
1765	265	1
93	266	1
94	266	1
1	267	1
2	267	1
49	267	1
50	267	1
51	267	1
52	267	1
53	267	1
58	267	1
67	267	1
70	267	1
75	267	1
76	267	1
80	267	1
81	267	1
84	267	1
92	267	1
95	267	1
99	267	1
100	267	1
143	267	1
150	267	1
153	267	1
245	267	1
263	267	1
265	267	1
296	267	1
302	267	1
309	267	1
342	267	1
351	267	1
381	267	1
405	267	1
423	267	1
462	267	1
471	267	1
489	267	1
512	267	1
528	267	1
554	267	1
589	267	1
1126	267	1
1161	267	1
1345	267	1
1677	267	1
11	268	1
12	268	1
13	268	1
14	268	1
27	268	1
54	268	1
55	268	1
56	268	1
57	268	1
59	268	1
232	268	1
242	268	1
264	268	1
281	268	1
310	268	1
314	268	1
379	268	1
408	268	1
461	268	1
600	268	1
719	268	1
1109	268	1
7	269	1
8	269	1
244	269	1
293	269	1
307	269	1
311	269	1
1012	269	1
1016	269	1
1027	269	1
1030	269	1
1138	269	1
1733	269	1
25	270	1
271	270	1
349	270	1
350	270	1
359	270	1
401	270	1
635	270	1
637	270	1
688	270	1
1110	270	1
1124	270	1
1125	270	1
1168	270	1
1238	270	1
1301	270	1
1353	270	1
1430	270	1
1518	270	1
1722	270	1
270	271	1
349	271	1
350	271	1
359	271	1
401	271	1
635	271	1
637	271	1
688	271	1
1110	271	1
1124	271	1
1125	271	1
1168	271	1
1238	271	1
1301	271	1
1353	271	1
1430	271	1
1518	271	1
1722	271	1
2201	271	1
217	272	1
219	272	1
220	272	1
259	272	1
424	272	1
594	272	1
763	272	1
991	272	1
998	272	1
1017	272	1
1031	272	1
1312	272	1
1929	272	1
1975	272	1
1992	272	1
2028	272	1
21	273	1
77	273	1
274	273	1
299	273	1
300	273	1
312	273	1
443	273	1
962	273	1
1037	273	1
1068	273	1
1072	273	1
1101	273	1
1141	273	1
1327	273	1
1361	273	1
1615	273	1
1782	273	1
1903	273	1
1905	273	1
1931	273	1
21	274	1
273	274	1
299	274	1
300	274	1
312	274	1
1068	274	1
1072	274	1
1141	274	1
1327	274	1
1361	274	1
28	275	1
29	275	1
40	275	1
41	275	1
42	275	1
45	275	1
46	275	1
65	275	1
68	275	1
69	275	1
91	275	1
112	275	1
113	275	1
175	275	1
176	275	1
177	275	1
178	275	1
179	275	1
180	275	1
181	275	1
182	275	1
183	275	1
184	275	1
185	275	1
186	275	1
187	275	1
189	275	1
190	275	1
191	275	1
192	275	1
195	275	1
198	275	1
199	275	1
204	275	1
205	275	1
206	275	1
207	275	1
210	275	1
213	275	1
223	275	1
235	275	1
258	275	1
423	275	1
432	275	1
492	275	1
516	275	1
518	275	1
521	275	1
535	275	1
864	275	1
892	275	1
912	275	1
913	275	1
914	275	1
917	275	1
919	275	1
921	275	1
922	275	1
923	275	1
924	275	1
925	275	1
926	275	1
927	275	1
928	275	1
932	275	1
933	275	1
934	275	1
935	275	1
936	275	1
937	275	1
938	275	1
939	275	1
940	275	1
941	275	1
942	275	1
943	275	1
944	275	1
949	275	1
953	275	1
954	275	1
955	275	1
960	275	1
964	275	1
966	275	1
967	275	1
977	275	1
1060	275	1
1073	275	1
1121	275	1
1235	275	1
1242	275	1
1414	275	1
1674	275	1
1706	275	1
1708	275	1
1772	275	1
1774	275	1
257	276	1
1619	276	1
144	277	1
278	277	1
301	277	1
995	277	1
996	277	1
1102	277	1
277	278	1
301	278	1
321	278	1
995	278	1
996	278	1
1102	278	1
280	279	1
352	279	1
404	279	1
1499	279	1
279	280	1
827	280	1
11	281	1
12	281	1
13	281	1
14	281	1
27	281	1
54	281	1
55	281	1
56	281	1
57	281	1
59	281	1
242	281	1
264	281	1
268	281	1
310	281	1
314	281	1
379	281	1
461	281	1
600	281	1
719	281	1
1109	281	1
283	282	1
298	282	1
282	283	1
298	283	1
1704	283	1
1764	283	1
1916	283	1
1959	283	1
1992	283	1
105	284	1
285	284	1
319	284	1
329	284	1
331	284	1
343	284	1
344	284	1
1058	284	1
1059	284	1
1065	284	1
1066	284	1
1099	284	1
1144	284	1
1672	284	1
105	285	1
284	285	1
319	285	1
329	285	1
331	285	1
343	285	1
344	285	1
1058	285	1
1059	285	1
1065	285	1
1066	285	1
1099	285	1
1144	285	1
1672	285	1
287	286	1
2248	286	1
286	287	1
2248	287	1
1	288	1
2	288	1
25	288	1
26	288	1
50	288	1
52	288	1
53	288	1
66	288	1
70	288	1
79	288	1
84	288	1
92	288	1
99	288	1
112	288	1
138	288	1
155	288	1
156	288	1
175	288	1
176	288	1
177	288	1
178	288	1
181	288	1
182	288	1
187	288	1
237	288	1
289	288	1
296	288	1
302	288	1
334	288	1
342	288	1
354	288	1
432	288	1
449	288	1
496	288	1
518	288	1
640	288	1
668	288	1
830	288	1
892	288	1
924	288	1
925	288	1
926	288	1
927	288	1
938	288	1
940	288	1
949	288	1
953	288	1
954	288	1
955	288	1
1118	288	1
1152	288	1
1156	288	1
1163	288	1
1169	288	1
1241	288	1
1243	288	1
1245	288	1
1295	288	1
1676	288	1
1894	288	1
1900	288	1
1977	288	1
2	289	1
25	289	1
26	289	1
53	289	1
76	289	1
92	289	1
158	289	1
166	289	1
244	289	1
288	289	1
317	289	1
432	289	1
510	289	1
694	289	1
893	289	1
1157	289	1
1169	289	1
1276	289	1
1295	289	1
1346	289	1
1347	289	1
1364	289	1
1733	289	1
1900	289	1
1964	289	1
2046	289	1
291	290	1
357	290	1
623	290	1
669	290	1
2151	290	1
2255	290	1
2256	290	1
2272	290	1
2273	290	1
2274	290	1
290	291	1
669	291	1
687	291	1
5	292	1
6	292	1
98	292	1
109	292	1
117	292	1
313	292	1
420	292	1
465	292	1
469	292	1
637	292	1
688	292	1
734	292	1
1082	292	1
1110	292	1
1124	292	1
1125	292	1
1213	292	1
1301	292	1
1309	292	1
1386	292	1
1531	292	1
7	293	1
8	293	1
244	293	1
269	293	1
307	293	1
311	293	1
129	294	1
130	294	1
228	294	1
260	294	1
385	294	1
674	294	1
708	294	1
32	295	1
33	295	1
60	295	1
61	295	1
297	295	1
308	295	1
321	295	1
369	295	1
394	295	1
395	295	1
472	295	1
649	295	1
662	295	1
678	295	1
679	295	1
1439	295	1
1527	295	1
1576	295	1
1608	295	1
1880	295	1
1	296	1
2	296	1
3	296	1
4	296	1
22	296	1
50	296	1
51	296	1
52	296	1
53	296	1
58	296	1
70	296	1
75	296	1
79	296	1
84	296	1
92	296	1
95	296	1
99	296	1
101	296	1
102	296	1
111	296	1
131	296	1
142	296	1
155	296	1
156	296	1
243	296	1
245	296	1
263	296	1
267	296	1
288	296	1
302	296	1
309	296	1
342	296	1
369	296	1
373	296	1
374	296	1
384	296	1
386	296	1
388	296	1
393	296	1
402	296	1
462	296	1
468	296	1
478	296	1
488	296	1
496	296	1
526	296	1
627	296	1
640	296	1
663	296	1
680	296	1
736	296	1
744	296	1
749	296	1
862	296	1
1104	296	1
1554	296	1
1561	296	1
32	297	1
33	297	1
60	297	1
61	297	1
295	297	1
308	297	1
321	297	1
369	297	1
394	297	1
395	297	1
472	297	1
649	297	1
662	297	1
678	297	1
679	297	1
1439	297	1
1445	297	1
1467	297	1
1527	297	1
1556	297	1
1576	297	1
1578	297	1
1608	297	1
1880	297	1
282	298	1
283	298	1
1325	298	1
1603	298	1
21	299	1
273	299	1
274	299	1
300	299	1
312	299	1
352	299	1
353	299	1
383	299	1
246	300	1
247	300	1
248	300	1
273	300	1
274	300	1
299	300	1
312	300	1
352	300	1
383	300	1
400	300	1
636	300	1
647	300	1
1037	300	1
1700	300	1
1931	300	1
277	301	1
278	301	1
995	301	1
996	301	1
1102	301	1
1519	301	1
1593	301	1
1	302	1
2	302	1
22	302	1
49	302	1
50	302	1
51	302	1
52	302	1
53	302	1
58	302	1
70	302	1
75	302	1
76	302	1
80	302	1
81	302	1
84	302	1
92	302	1
95	302	1
99	302	1
100	302	1
150	302	1
153	302	1
155	302	1
245	302	1
263	302	1
265	302	1
267	302	1
288	302	1
296	302	1
309	302	1
342	302	1
351	302	1
405	302	1
423	302	1
462	302	1
471	302	1
489	302	1
512	302	1
528	302	1
554	302	1
1345	302	1
304	303	1
333	303	1
370	303	1
387	303	1
419	303	1
421	303	1
429	303	1
451	303	1
452	303	1
493	303	1
494	303	1
511	303	1
520	303	1
691	303	1
711	303	1
889	303	1
1005	303	1
1504	303	1
1515	303	1
1516	303	1
1517	303	1
1649	303	1
1809	303	1
303	304	1
333	304	1
370	304	1
387	304	1
419	304	1
421	304	1
429	304	1
451	304	1
452	304	1
493	304	1
494	304	1
511	304	1
520	304	1
691	304	1
711	304	1
1069	304	1
1504	304	1
1515	304	1
1516	304	1
1517	304	1
1649	304	1
1716	304	1
1809	304	1
306	305	1
432	305	1
1038	305	1
1169	305	1
1390	305	1
1537	305	1
1540	305	1
1544	305	1
1547	305	1
1584	305	1
1624	305	1
1933	305	1
1934	305	1
21	306	1
305	306	1
353	306	1
432	306	1
629	306	1
636	306	1
647	306	1
701	306	1
868	306	1
1169	306	1
1183	306	1
1276	306	1
1295	306	1
1318	306	1
1337	306	1
1556	306	1
1700	306	1
7	307	1
8	307	1
244	307	1
269	307	1
293	307	1
311	307	1
1012	307	1
1016	307	1
1027	307	1
1030	307	1
1138	307	1
1733	307	1
32	308	1
33	308	1
60	308	1
61	308	1
295	308	1
297	308	1
321	308	1
369	308	1
394	308	1
395	308	1
472	308	1
649	308	1
662	308	1
678	308	1
679	308	1
1439	308	1
1527	308	1
1576	308	1
1608	308	1
1880	308	1
1	309	1
2	309	1
3	309	1
4	309	1
22	309	1
26	309	1
49	309	1
50	309	1
51	309	1
52	309	1
53	309	1
58	309	1
92	309	1
95	309	1
99	309	1
101	309	1
102	309	1
111	309	1
131	309	1
142	309	1
143	309	1
155	309	1
243	309	1
263	309	1
265	309	1
267	309	1
296	309	1
302	309	1
321	309	1
342	309	1
369	309	1
381	309	1
384	309	1
386	309	1
388	309	1
393	309	1
402	309	1
468	309	1
478	309	1
488	309	1
526	309	1
614	309	1
663	309	1
680	309	1
720	309	1
737	309	1
744	309	1
749	309	1
844	309	1
862	309	1
1104	309	1
1554	309	1
1561	309	1
11	310	1
13	310	1
14	310	1
27	310	1
54	310	1
55	310	1
56	310	1
57	310	1
59	310	1
242	310	1
264	310	1
268	310	1
281	310	1
314	310	1
600	310	1
791	310	1
1109	310	1
1225	310	1
7	311	1
8	311	1
244	311	1
269	311	1
293	311	1
307	311	1
1012	311	1
1016	311	1
1027	311	1
1030	311	1
1138	311	1
1710	311	1
1733	311	1
144	312	1
273	312	1
274	312	1
299	312	1
300	312	1
352	312	1
414	312	1
477	312	1
560	312	1
702	312	1
1068	312	1
1072	312	1
1141	312	1
1177	312	1
1178	312	1
1327	312	1
1361	312	1
1403	312	1
1776	312	1
1780	312	1
2051	312	1
2	313	1
5	313	1
6	313	1
109	313	1
117	313	1
292	313	1
465	313	1
469	313	1
688	313	1
1082	313	1
1110	313	1
1124	313	1
1125	313	1
1213	313	1
1301	313	1
1309	313	1
1531	313	1
11	314	1
13	314	1
14	314	1
27	314	1
46	314	1
54	314	1
55	314	1
56	314	1
57	314	1
59	314	1
242	314	1
264	314	1
268	314	1
281	314	1
310	314	1
367	314	1
379	314	1
382	314	1
410	314	1
460	314	1
461	314	1
466	314	1
510	314	1
563	314	1
566	314	1
579	314	1
1109	314	1
1435	314	1
129	315	1
130	315	1
209	315	1
228	315	1
229	315	1
385	315	1
606	315	1
1293	315	1
1419	315	1
1651	315	1
103	316	1
104	316	1
166	316	1
167	316	1
739	316	1
1210	316	1
158	317	1
289	317	1
318	317	1
320	317	1
321	317	1
325	317	1
326	317	1
364	317	1
682	317	1
802	317	1
893	317	1
1152	317	1
1182	317	1
1188	317	1
1275	317	1
1327	317	1
1346	317	1
1347	317	1
1361	317	1
1364	317	1
1538	317	1
1553	317	1
174	318	1
225	318	1
317	318	1
396	318	1
590	318	1
968	318	1
1009	318	1
1044	318	1
1052	318	1
1076	318	1
1089	318	1
1120	318	1
1123	318	1
1206	318	1
1236	318	1
1258	318	1
1276	318	1
1285	318	1
1393	318	1
1474	318	1
1660	318	1
1788	318	1
1862	318	1
53	319	1
105	319	1
106	319	1
139	319	1
284	319	1
285	319	1
329	319	1
331	319	1
343	319	1
344	319	1
374	319	1
1058	319	1
1059	319	1
1065	319	1
1066	319	1
1099	319	1
1144	319	1
1672	319	1
26	320	1
92	320	1
108	320	1
317	320	1
321	320	1
349	320	1
350	320	1
401	320	1
428	320	1
624	320	1
825	320	1
839	320	1
1053	320	1
1123	320	1
1258	320	1
11	321	1
20	321	1
26	321	1
32	321	1
33	321	1
60	321	1
61	321	1
73	321	1
108	321	1
120	321	1
225	321	1
226	321	1
278	321	1
295	321	1
297	321	1
308	321	1
309	321	1
317	321	1
320	321	1
349	321	1
350	321	1
365	321	1
369	321	1
375	321	1
394	321	1
395	321	1
396	321	1
401	321	1
427	321	1
428	321	1
434	321	1
482	321	1
498	321	1
540	321	1
590	321	1
635	321	1
655	321	1
825	321	1
835	321	1
839	321	1
860	321	1
968	321	1
974	321	1
1004	321	1
1008	321	1
1009	321	1
1029	321	1
1044	321	1
1052	321	1
1064	321	1
1076	321	1
1080	321	1
1089	321	1
1094	321	1
1123	321	1
1127	321	1
1180	321	1
1206	321	1
1236	321	1
1237	321	1
1258	321	1
1276	321	1
1282	321	1
1285	321	1
1311	321	1
1331	321	1
1339	321	1
1344	321	1
1378	321	1
1393	321	1
1409	321	1
1439	321	1
1450	321	1
1468	321	1
1474	321	1
1500	321	1
1511	321	1
1527	321	1
1534	321	1
1552	321	1
1585	321	1
1596	321	1
1612	321	1
1616	321	1
1661	321	1
1667	321	1
1779	321	1
1784	321	1
1854	321	1
1882	321	1
40	322	1
41	322	1
46	322	1
67	322	1
68	322	1
91	322	1
113	322	1
210	322	1
213	322	1
422	322	1
483	322	1
892	322	1
912	322	1
913	322	1
914	322	1
917	322	1
1104	322	1
1114	322	1
1121	322	1
1122	322	1
1156	322	1
1163	322	1
1197	322	1
1253	322	1
1254	322	1
1261	322	1
1262	322	1
1273	322	1
1305	322	1
1495	322	1
1625	322	1
1872	322	1
193	323	1
194	323	1
324	323	1
498	323	1
531	323	1
1119	323	1
1417	323	1
1469	323	1
1671	323	1
323	324	1
498	324	1
531	324	1
845	324	1
1119	324	1
1221	324	1
317	325	1
326	325	1
364	325	1
1018	325	1
1019	325	1
1188	325	1
1275	325	1
1327	325	1
1361	325	1
1538	325	1
1543	325	1
1553	325	1
1610	325	1
1613	325	1
1623	325	1
1891	325	1
317	326	1
325	326	1
364	326	1
1182	326	1
1275	326	1
1327	326	1
1361	326	1
1538	326	1
1553	326	1
1613	326	1
1991	326	1
328	327	1
357	327	1
358	327	1
398	327	1
410	327	1
440	327	1
446	327	1
470	327	1
626	327	1
710	327	1
51	328	1
327	328	1
357	328	1
358	328	1
398	328	1
446	328	1
490	328	1
710	328	1
812	328	1
53	329	1
105	329	1
284	329	1
285	329	1
319	329	1
331	329	1
343	329	1
344	329	1
1058	329	1
1059	329	1
1065	329	1
1066	329	1
1099	329	1
1144	329	1
1186	329	1
1672	329	1
15	330	1
2219	330	1
284	331	1
285	331	1
319	331	1
329	331	1
343	331	1
344	331	1
1058	331	1
1059	331	1
1065	331	1
1066	331	1
1099	331	1
1144	331	1
1672	331	1
333	332	1
303	333	1
304	333	1
332	333	1
370	333	1
387	333	1
419	333	1
421	333	1
429	333	1
450	333	1
451	333	1
452	333	1
493	333	1
494	333	1
566	333	1
691	333	1
711	333	1
1504	333	1
1515	333	1
1516	333	1
1517	333	1
1649	333	1
1809	333	1
112	334	1
167	334	1
175	334	1
176	334	1
177	334	1
178	334	1
179	334	1
180	334	1
181	334	1
182	334	1
183	334	1
184	334	1
185	334	1
186	334	1
187	334	1
189	334	1
190	334	1
191	334	1
192	334	1
195	334	1
288	334	1
518	334	1
923	334	1
924	334	1
925	334	1
926	334	1
927	334	1
928	334	1
932	334	1
933	334	1
934	334	1
935	334	1
936	334	1
937	334	1
938	334	1
939	334	1
940	334	1
941	334	1
942	334	1
943	334	1
944	334	1
949	334	1
953	334	1
954	334	1
955	334	1
1157	334	1
1241	334	1
1243	334	1
1245	334	1
1321	334	1
1443	334	1
1503	334	1
1659	334	1
1671	334	1
40	335	1
41	335	1
42	335	1
45	335	1
46	335	1
67	335	1
68	335	1
157	335	1
251	335	1
413	335	1
463	335	1
464	335	1
485	335	1
486	335	1
570	335	1
659	335	1
824	335	1
1197	335	1
1849	335	1
43	336	1
44	336	1
115	336	1
116	336	1
338	336	1
375	336	1
20	337	1
96	337	1
43	338	1
44	338	1
115	338	1
116	338	1
336	338	1
375	338	1
109	339	1
117	339	1
118	339	1
238	339	1
239	339	1
262	339	1
350	339	1
469	339	1
496	339	1
507	339	1
544	339	1
688	339	1
1082	339	1
1110	339	1
1124	339	1
1125	339	1
1301	339	1
1309	339	1
1447	339	1
1577	339	1
1582	339	1
341	340	1
340	341	1
360	341	1
648	341	1
951	341	1
1271	341	1
2277	341	1
2278	341	1
2279	341	1
2299	341	1
2304	341	1
1	342	1
2	342	1
26	342	1
49	342	1
50	342	1
51	342	1
52	342	1
53	342	1
58	342	1
66	342	1
69	342	1
70	342	1
71	342	1
75	342	1
76	342	1
79	342	1
80	342	1
84	342	1
92	342	1
95	342	1
99	342	1
100	342	1
101	342	1
102	342	1
131	342	1
138	342	1
155	342	1
156	342	1
178	342	1
245	342	1
263	342	1
267	342	1
288	342	1
296	342	1
302	342	1
309	342	1
373	342	1
384	342	1
386	342	1
388	342	1
393	342	1
402	342	1
468	342	1
478	342	1
488	342	1
492	342	1
496	342	1
516	342	1
526	342	1
534	342	1
543	342	1
559	342	1
598	342	1
640	342	1
663	342	1
668	342	1
671	342	1
680	342	1
730	342	1
750	342	1
761	342	1
786	342	1
814	342	1
841	342	1
862	342	1
1104	342	1
1118	342	1
1345	342	1
1426	342	1
1449	342	1
1554	342	1
1561	342	1
1628	342	1
105	343	1
284	343	1
285	343	1
319	343	1
329	343	1
331	343	1
344	343	1
1058	343	1
1059	343	1
1065	343	1
1066	343	1
1099	343	1
1144	343	1
105	344	1
284	344	1
285	344	1
319	344	1
329	344	1
331	344	1
343	344	1
568	344	1
646	344	1
740	344	1
773	344	1
823	344	1
849	344	1
1058	344	1
1059	344	1
1065	344	1
1066	344	1
1099	344	1
1144	344	1
1672	344	1
346	345	1
362	345	1
363	345	1
380	345	1
501	345	1
593	345	1
345	346	1
362	346	1
363	346	1
380	346	1
501	346	1
593	346	1
1092	346	1
1846	346	1
348	347	1
375	347	1
948	347	1
347	348	1
270	349	1
271	349	1
320	349	1
321	349	1
350	349	1
359	349	1
401	349	1
635	349	1
637	349	1
688	349	1
1110	349	1
1124	349	1
1168	349	1
1238	349	1
1301	349	1
1353	349	1
1430	349	1
1518	349	1
1722	349	1
25	350	1
26	350	1
66	350	1
110	350	1
117	350	1
239	350	1
270	350	1
271	350	1
320	350	1
321	350	1
339	350	1
349	350	1
359	350	1
401	350	1
428	350	1
439	350	1
467	350	1
469	350	1
545	350	1
598	350	1
635	350	1
637	350	1
684	350	1
688	350	1
825	350	1
1082	350	1
1110	350	1
1124	350	1
1125	350	1
1168	350	1
1238	350	1
1301	350	1
1309	350	1
1353	350	1
1430	350	1
1518	350	1
1520	350	1
1521	350	1
1531	350	1
1650	350	1
1722	350	1
49	351	1
50	351	1
51	351	1
52	351	1
53	351	1
58	351	1
75	351	1
76	351	1
80	351	1
81	351	1
95	351	1
100	351	1
150	351	1
153	351	1
245	351	1
263	351	1
265	351	1
267	351	1
302	351	1
381	351	1
405	351	1
462	351	1
472	351	1
489	351	1
508	351	1
510	351	1
528	351	1
554	351	1
1345	351	1
113	352	1
279	352	1
299	352	1
300	352	1
312	352	1
353	352	1
383	352	1
422	352	1
636	352	1
681	352	1
1254	352	1
1261	352	1
1273	352	1
1302	352	1
1305	352	1
1318	352	1
1335	352	1
1360	352	1
1493	352	1
1631	352	1
1639	352	1
1717	352	1
219	353	1
299	353	1
306	353	1
352	353	1
383	353	1
1524	353	1
1603	353	1
1770	353	1
1787	353	1
11	354	1
26	354	1
55	354	1
57	354	1
66	354	1
82	354	1
145	354	1
242	354	1
288	354	1
460	354	1
510	354	1
651	354	1
765	354	1
774	354	1
785	354	1
356	355	1
355	356	1
658	356	1
290	357	1
327	357	1
328	357	1
358	357	1
398	357	1
446	357	1
490	357	1
710	357	1
327	358	1
328	358	1
357	358	1
398	358	1
446	358	1
490	358	1
710	358	1
25	359	1
270	359	1
271	359	1
349	359	1
350	359	1
635	359	1
637	359	1
1168	359	1
1238	359	1
1430	359	1
341	360	1
361	360	1
360	361	1
46	362	1
345	362	1
346	362	1
363	362	1
380	362	1
501	362	1
593	362	1
884	362	1
1570	362	1
345	363	1
346	363	1
362	363	1
755	363	1
78	364	1
317	364	1
325	364	1
326	364	1
425	364	1
900	364	1
1049	364	1
1182	364	1
1188	364	1
1283	364	1
1302	364	1
1327	364	1
1335	364	1
1352	364	1
1360	364	1
1361	364	1
1538	364	1
1553	364	1
1613	364	1
1896	364	1
321	365	1
503	365	1
956	365	1
172	366	1
367	366	1
379	366	1
382	366	1
406	366	1
435	366	1
461	366	1
495	366	1
505	366	1
612	366	1
709	366	1
1435	366	1
11	367	1
172	367	1
242	367	1
314	367	1
366	367	1
379	367	1
382	367	1
406	367	1
435	367	1
461	367	1
495	367	1
505	367	1
612	367	1
709	367	1
1435	367	1
30	368	1
31	368	1
48	368	1
62	368	1
63	368	1
376	368	1
407	368	1
32	369	1
33	369	1
60	369	1
61	369	1
295	369	1
296	369	1
297	369	1
308	369	1
309	369	1
321	369	1
394	369	1
395	369	1
680	369	1
978	369	1
979	369	1
1071	369	1
1366	369	1
1392	369	1
1439	369	1
1527	369	1
1724	369	1
1725	369	1
1895	369	1
1922	369	1
303	370	1
304	370	1
333	370	1
387	370	1
419	370	1
421	370	1
429	370	1
451	370	1
452	370	1
493	370	1
494	370	1
511	370	1
520	370	1
691	370	1
711	370	1
1504	370	1
1515	370	1
1516	370	1
1517	370	1
1649	370	1
1809	370	1
82	371	1
83	371	1
83	372	1
2	373	1
99	373	1
101	373	1
131	373	1
155	373	1
296	373	1
342	373	1
374	373	1
384	373	1
386	373	1
393	373	1
402	373	1
478	373	1
488	373	1
663	373	1
680	373	1
736	373	1
862	373	1
1104	373	1
1554	373	1
1561	373	1
1	374	1
2	374	1
99	374	1
101	374	1
131	374	1
155	374	1
174	374	1
296	374	1
319	374	1
373	374	1
384	374	1
402	374	1
478	374	1
671	374	1
857	374	1
43	375	1
44	375	1
115	375	1
116	375	1
152	375	1
159	375	1
196	375	1
197	375	1
321	375	1
336	375	1
338	375	1
347	375	1
575	375	1
699	375	1
723	375	1
739	375	1
745	375	1
760	375	1
762	375	1
769	375	1
1551	375	1
1610	375	1
1676	375	1
1702	375	1
1777	375	1
1883	375	1
2002	375	1
2047	375	1
2080	375	1
2102	375	1
2107	375	1
2108	375	1
2109	375	1
2110	375	1
2111	375	1
2115	375	1
2116	375	1
2117	375	1
2118	375	1
2119	375	1
2120	375	1
2121	375	1
2122	375	1
2124	375	1
2125	375	1
2126	375	1
2127	375	1
2128	375	1
2129	375	1
2130	375	1
2131	375	1
2132	375	1
2133	375	1
2134	375	1
2136	375	1
2137	375	1
25	376	1
26	376	1
30	376	1
31	376	1
48	376	1
62	376	1
63	376	1
66	376	1
368	376	1
407	376	1
378	377	1
1395	377	1
1916	377	1
377	378	1
11	379	1
13	379	1
14	379	1
27	379	1
54	379	1
55	379	1
56	379	1
57	379	1
59	379	1
172	379	1
242	379	1
268	379	1
281	379	1
314	379	1
366	379	1
367	379	1
382	379	1
406	379	1
435	379	1
461	379	1
495	379	1
505	379	1
612	379	1
709	379	1
1080	379	1
1109	379	1
1435	379	1
345	380	1
346	380	1
362	380	1
501	380	1
593	380	1
763	380	1
1092	380	1
2	381	1
49	381	1
50	381	1
51	381	1
52	381	1
53	381	1
58	381	1
71	381	1
75	381	1
76	381	1
80	381	1
81	381	1
84	381	1
92	381	1
100	381	1
150	381	1
153	381	1
245	381	1
263	381	1
265	381	1
267	381	1
309	381	1
351	381	1
456	381	1
462	381	1
472	381	1
489	381	1
508	381	1
526	381	1
589	381	1
1345	381	1
172	382	1
314	382	1
366	382	1
367	382	1
379	382	1
406	382	1
435	382	1
461	382	1
495	382	1
505	382	1
612	382	1
709	382	1
1435	382	1
299	383	1
300	383	1
352	383	1
353	383	1
482	383	1
636	383	1
681	383	1
1256	383	1
1318	383	1
1493	383	1
1717	383	1
1	384	1
2	384	1
3	384	1
4	384	1
22	384	1
99	384	1
101	384	1
102	384	1
111	384	1
131	384	1
142	384	1
155	384	1
156	384	1
243	384	1
296	384	1
309	384	1
342	384	1
373	384	1
374	384	1
386	384	1
388	384	1
393	384	1
402	384	1
468	384	1
478	384	1
488	384	1
526	384	1
534	384	1
663	384	1
680	384	1
744	384	1
749	384	1
862	384	1
1104	384	1
1554	384	1
1561	384	1
129	385	1
130	385	1
228	385	1
229	385	1
294	385	1
315	385	1
606	385	1
674	385	1
691	385	1
708	385	1
711	385	1
1419	385	1
1801	385	1
2	386	1
4	386	1
92	386	1
99	386	1
101	386	1
124	386	1
131	386	1
138	386	1
155	386	1
156	386	1
296	386	1
309	386	1
342	386	1
373	386	1
384	386	1
393	386	1
402	386	1
468	386	1
478	386	1
491	386	1
500	386	1
502	386	1
522	386	1
526	386	1
527	386	1
534	386	1
663	386	1
680	386	1
737	386	1
749	386	1
862	386	1
1104	386	1
1554	386	1
1561	386	1
303	387	1
304	387	1
333	387	1
370	387	1
419	387	1
421	387	1
429	387	1
451	387	1
452	387	1
493	387	1
494	387	1
511	387	1
520	387	1
691	387	1
711	387	1
1504	387	1
1515	387	1
1516	387	1
1517	387	1
1649	387	1
1809	387	1
1	388	1
2	388	1
3	388	1
4	388	1
22	388	1
99	388	1
101	388	1
102	388	1
111	388	1
131	388	1
142	388	1
243	388	1
296	388	1
309	388	1
342	388	1
384	388	1
393	388	1
402	388	1
468	388	1
478	388	1
488	388	1
663	388	1
744	388	1
749	388	1
390	389	1
588	389	1
389	390	1
588	390	1
620	390	1
232	391	1
392	391	1
411	391	1
412	391	1
693	391	1
728	391	1
1251	391	1
1252	391	1
1542	391	1
1618	391	1
1664	391	1
1885	391	1
391	392	1
1718	392	1
1	393	1
2	393	1
4	393	1
22	393	1
92	393	1
95	393	1
99	393	1
101	393	1
102	393	1
131	393	1
155	393	1
156	393	1
243	393	1
296	393	1
309	393	1
342	393	1
373	393	1
384	393	1
386	393	1
388	393	1
402	393	1
468	393	1
478	393	1
488	393	1
526	393	1
534	393	1
663	393	1
680	393	1
862	393	1
1104	393	1
1554	393	1
1561	393	1
32	394	1
33	394	1
60	394	1
61	394	1
295	394	1
297	394	1
308	394	1
321	394	1
369	394	1
395	394	1
763	394	1
1439	394	1
1527	394	1
32	395	1
33	395	1
60	395	1
61	395	1
295	395	1
297	395	1
308	395	1
321	395	1
369	395	1
394	395	1
564	395	1
1193	395	1
1202	395	1
1215	395	1
1302	395	1
1335	395	1
1360	395	1
1439	395	1
1527	395	1
1907	395	1
318	396	1
321	396	1
397	396	1
504	396	1
1408	396	1
1491	396	1
1565	396	1
1590	396	1
1603	396	1
1751	396	1
246	397	1
396	397	1
400	397	1
431	397	1
667	397	1
668	397	1
1491	397	1
1751	397	1
1776	397	1
1780	397	1
1993	397	1
327	398	1
328	398	1
357	398	1
358	398	1
446	398	1
490	398	1
710	398	1
105	399	1
106	399	1
139	399	1
205	400	1
207	400	1
220	400	1
246	400	1
247	400	1
248	400	1
254	400	1
255	400	1
300	400	1
397	400	1
448	400	1
473	400	1
516	400	1
681	400	1
978	400	1
979	400	1
1013	400	1
1026	400	1
1028	400	1
1034	400	1
1051	400	1
1067	400	1
1071	400	1
1187	400	1
1192	400	1
1193	400	1
1194	400	1
1202	400	1
1215	400	1
1249	400	1
1302	400	1
1331	400	1
1335	400	1
1360	400	1
1408	400	1
1411	400	1
1493	400	1
1717	400	1
1761	400	1
270	401	1
271	401	1
320	401	1
321	401	1
349	401	1
350	401	1
635	401	1
637	401	1
688	401	1
1168	401	1
1238	401	1
1353	401	1
1518	401	1
1	402	1
2	402	1
95	402	1
99	402	1
101	402	1
102	402	1
111	402	1
131	402	1
155	402	1
296	402	1
309	402	1
342	402	1
373	402	1
374	402	1
384	402	1
386	402	1
388	402	1
393	402	1
468	402	1
478	402	1
488	402	1
526	402	1
534	402	1
627	402	1
663	402	1
680	402	1
736	402	1
766	402	1
862	402	1
1104	402	1
1554	402	1
1561	402	1
404	403	1
432	403	1
1169	403	1
1423	403	1
1464	403	1
1499	403	1
1578	403	1
279	404	1
403	404	1
432	404	1
682	404	1
802	404	1
1169	404	1
1423	404	1
1424	404	1
1464	404	1
1578	404	1
1631	404	1
1639	404	1
1726	404	1
1845	404	1
49	405	1
50	405	1
51	405	1
52	405	1
53	405	1
58	405	1
75	405	1
76	405	1
80	405	1
81	405	1
95	405	1
150	405	1
245	405	1
263	405	1
265	405	1
267	405	1
302	405	1
351	405	1
462	405	1
471	405	1
489	405	1
528	405	1
554	405	1
172	406	1
366	406	1
367	406	1
379	406	1
382	406	1
435	406	1
461	406	1
495	406	1
505	406	1
612	406	1
709	406	1
821	406	1
1435	406	1
30	407	1
31	407	1
48	407	1
62	407	1
63	407	1
157	407	1
368	407	1
376	407	1
483	407	1
584	407	1
675	407	1
1128	407	1
1129	407	1
1176	407	1
1246	407	1
1247	407	1
1248	407	1
1267	407	1
1822	407	1
1844	407	1
242	408	1
268	408	1
409	408	1
410	408	1
417	408	1
418	408	1
443	408	1
457	408	1
843	408	1
408	409	1
417	409	1
418	409	1
443	409	1
457	409	1
11	410	1
13	410	1
14	410	1
46	410	1
55	410	1
56	410	1
57	410	1
59	410	1
62	410	1
63	410	1
144	410	1
145	410	1
152	410	1
242	410	1
244	410	1
264	410	1
314	410	1
327	410	1
408	410	1
460	410	1
470	410	1
515	410	1
546	410	1
547	410	1
566	410	1
567	410	1
579	410	1
875	410	1
1302	410	1
1335	410	1
1360	410	1
1476	410	1
1727	410	1
1733	410	1
1771	410	1
391	411	1
412	411	1
833	411	1
1251	411	1
1252	411	1
1542	411	1
391	412	1
411	412	1
833	412	1
1251	412	1
1252	412	1
1542	412	1
1618	412	1
1664	412	1
40	413	1
41	413	1
42	413	1
45	413	1
46	413	1
67	413	1
68	413	1
157	413	1
335	413	1
463	413	1
464	413	1
485	413	1
570	413	1
1197	413	1
1849	413	1
144	414	1
312	414	1
692	414	1
1147	414	1
1177	414	1
1178	414	1
1935	414	1
137	415	1
416	415	1
1540	415	1
2214	415	1
174	416	1
415	416	1
450	416	1
2104	416	1
2258	416	1
21	417	1
408	417	1
409	417	1
418	417	1
442	417	1
443	417	1
457	417	1
460	417	1
560	417	1
702	417	1
743	417	1
1061	417	1
1289	417	1
1317	417	1
1592	417	1
1617	417	1
218	418	1
408	418	1
409	418	1
417	418	1
442	418	1
443	418	1
457	418	1
460	418	1
560	418	1
702	418	1
743	418	1
815	418	1
1061	418	1
1083	418	1
1084	418	1
1093	418	1
1097	418	1
1098	418	1
1289	418	1
1317	418	1
1523	418	1
1592	418	1
1617	418	1
1978	418	1
2002	418	1
303	419	1
304	419	1
333	419	1
370	419	1
387	419	1
421	419	1
429	419	1
451	419	1
452	419	1
493	419	1
494	419	1
511	419	1
520	419	1
691	419	1
711	419	1
1504	419	1
1515	419	1
1516	419	1
1517	419	1
1649	419	1
1809	419	1
2083	419	1
6	420	1
98	420	1
136	420	1
292	420	1
609	420	1
1110	420	1
1213	420	1
130	421	1
303	421	1
304	421	1
333	421	1
370	421	1
387	421	1
419	421	1
429	421	1
430	421	1
451	421	1
452	421	1
493	421	1
494	421	1
511	421	1
520	421	1
691	421	1
711	421	1
1504	421	1
1515	421	1
1516	421	1
1517	421	1
1649	421	1
1801	421	1
1809	421	1
2082	421	1
2083	421	1
67	422	1
68	422	1
91	422	1
112	422	1
175	422	1
176	422	1
177	422	1
180	422	1
183	422	1
186	422	1
190	422	1
191	422	1
192	422	1
195	422	1
204	422	1
206	422	1
223	422	1
322	422	1
352	422	1
518	422	1
695	422	1
923	422	1
924	422	1
932	422	1
933	422	1
936	422	1
937	422	1
949	422	1
967	422	1
1032	422	1
1033	422	1
1101	422	1
1203	422	1
1253	422	1
1262	422	1
1274	422	1
1495	422	1
1872	422	1
29	423	1
49	423	1
51	423	1
52	423	1
53	423	1
58	423	1
65	423	1
68	423	1
71	423	1
80	423	1
81	423	1
91	423	1
100	423	1
112	423	1
175	423	1
176	423	1
177	423	1
180	423	1
183	423	1
186	423	1
190	423	1
191	423	1
192	423	1
195	423	1
199	423	1
204	423	1
205	423	1
206	423	1
207	423	1
223	423	1
245	423	1
263	423	1
265	423	1
267	423	1
275	423	1
302	423	1
456	423	1
489	423	1
518	423	1
528	423	1
554	423	1
599	423	1
629	423	1
918	423	1
923	423	1
924	423	1
932	423	1
933	423	1
936	423	1
937	423	1
949	423	1
967	423	1
1101	423	1
1412	423	1
217	424	1
224	424	1
227	424	1
259	424	1
272	424	1
601	424	1
605	424	1
991	424	1
1136	424	1
1148	424	1
1150	424	1
77	425	1
364	425	1
1275	425	1
1615	425	1
427	426	1
321	427	1
426	427	1
624	427	1
1363	427	1
25	428	1
26	428	1
168	428	1
320	428	1
321	428	1
350	428	1
724	428	1
1299	428	1
303	429	1
304	429	1
333	429	1
370	429	1
387	429	1
419	429	1
421	429	1
451	429	1
452	429	1
493	429	1
494	429	1
511	429	1
520	429	1
691	429	1
711	429	1
889	429	1
1504	429	1
1515	429	1
1516	429	1
1517	429	1
1620	429	1
1649	429	1
1809	429	1
421	430	1
431	430	1
618	430	1
1088	430	1
1094	430	1
1095	430	1
1278	430	1
1327	430	1
1361	430	1
1622	430	1
397	431	1
430	431	1
562	431	1
765	431	1
795	431	1
920	431	1
1022	431	1
1023	431	1
1087	431	1
1088	431	1
1094	431	1
1095	431	1
1239	431	1
1310	431	1
1408	431	1
1472	431	1
1712	431	1
1740	431	1
1806	431	1
113	432	1
189	432	1
205	432	1
210	432	1
275	432	1
288	432	1
289	432	1
305	432	1
306	432	1
403	432	1
404	432	1
492	432	1
516	432	1
559	432	1
638	432	1
650	432	1
682	432	1
731	432	1
802	432	1
892	432	1
1121	432	1
1152	432	1
1157	432	1
1295	432	1
1499	432	1
1578	432	1
1674	432	1
1706	432	1
1708	432	1
1772	432	1
1774	432	1
1900	432	1
1926	432	1
434	433	1
476	433	1
717	433	1
745	433	1
770	433	1
821	433	1
844	433	1
929	433	1
989	433	1
1021	433	1
1145	433	1
1148	433	1
1172	433	1
1194	433	1
1311	433	1
1486	433	1
1487	433	1
1535	433	1
1570	433	1
1616	433	1
1754	433	1
1798	433	1
1816	433	1
2079	433	1
2107	433	1
2124	433	1
2170	433	1
2171	433	1
2196	433	1
2207	433	1
2221	433	1
2222	433	1
2223	433	1
2226	433	1
2242	433	1
2267	433	1
2282	433	1
2283	433	1
2306	433	1
2307	433	1
2312	433	1
2316	433	1
2342	433	1
2343	433	1
2346	433	1
2347	433	1
2348	433	1
2349	433	1
2350	433	1
2351	433	1
2352	433	1
2353	433	1
2354	433	1
2355	433	1
2356	433	1
2357	433	1
2358	433	1
321	434	1
433	434	1
1487	434	1
2089	434	1
2167	434	1
2205	434	1
2243	434	1
172	435	1
366	435	1
367	435	1
379	435	1
382	435	1
406	435	1
461	435	1
495	435	1
505	435	1
612	435	1
709	435	1
976	435	1
1435	435	1
437	436	1
1039	436	1
1075	436	1
121	437	1
436	437	1
876	437	1
2079	437	1
439	438	1
467	438	1
523	438	1
1645	438	1
1798	438	1
3	439	1
4	439	1
22	439	1
243	439	1
350	439	1
438	439	1
467	439	1
523	439	1
684	439	1
1645	439	1
1798	439	1
327	440	1
441	440	1
466	440	1
506	440	1
1421	440	1
1716	440	1
440	441	1
506	441	1
1421	441	1
1716	441	1
417	442	1
418	442	1
443	442	1
273	443	1
408	443	1
409	443	1
417	443	1
418	443	1
442	443	1
457	443	1
460	443	1
560	443	1
702	443	1
743	443	1
1061	443	1
1289	443	1
1317	443	1
1592	443	1
1617	443	1
161	444	1
445	444	1
497	444	1
161	445	1
162	445	1
444	445	1
497	445	1
760	445	1
327	446	1
328	446	1
357	446	1
358	446	1
398	446	1
490	446	1
710	446	1
448	447	1
516	447	1
1192	447	1
1193	447	1
1202	447	1
1215	447	1
1249	447	1
1544	447	1
1547	447	1
1584	447	1
1606	447	1
1665	447	1
1668	447	1
1855	447	1
2050	447	1
246	448	1
255	448	1
400	448	1
447	448	1
473	448	1
474	448	1
504	448	1
899	448	1
1018	448	1
1019	448	1
1034	448	1
1051	448	1
1161	448	1
1192	448	1
1208	448	1
1249	448	1
1287	448	1
1327	448	1
1331	448	1
1361	448	1
1565	448	1
1583	448	1
1607	448	1
1913	448	1
2154	448	1
2280	448	1
112	449	1
167	449	1
175	449	1
176	449	1
177	449	1
178	449	1
179	449	1
180	449	1
181	449	1
182	449	1
183	449	1
184	449	1
185	449	1
186	449	1
187	449	1
189	449	1
190	449	1
191	449	1
192	449	1
195	449	1
288	449	1
518	449	1
923	449	1
924	449	1
925	449	1
926	449	1
927	449	1
928	449	1
932	449	1
933	449	1
934	449	1
935	449	1
936	449	1
937	449	1
938	449	1
939	449	1
940	449	1
941	449	1
942	449	1
943	449	1
944	449	1
949	449	1
953	449	1
954	449	1
955	449	1
1157	449	1
1241	449	1
1243	449	1
1245	449	1
1321	449	1
1443	449	1
1503	449	1
1659	449	1
1671	449	1
121	450	1
137	450	1
250	450	1
333	450	1
416	450	1
522	450	1
525	450	1
867	450	1
1149	450	1
1285	450	1
1332	450	1
1368	450	1
1591	450	1
1814	450	1
1867	450	1
1869	450	1
2146	450	1
228	451	1
303	451	1
304	451	1
333	451	1
370	451	1
387	451	1
419	451	1
421	451	1
429	451	1
452	451	1
493	451	1
494	451	1
511	451	1
520	451	1
691	451	1
711	451	1
889	451	1
1504	451	1
1515	451	1
1516	451	1
1517	451	1
1649	451	1
1809	451	1
303	452	1
304	452	1
333	452	1
370	452	1
387	452	1
419	452	1
421	452	1
429	452	1
451	452	1
493	452	1
494	452	1
511	452	1
520	452	1
691	452	1
711	452	1
1504	452	1
1515	452	1
1516	452	1
1517	452	1
1649	452	1
1809	452	1
89	453	1
90	453	1
140	453	1
454	453	1
89	454	1
90	454	1
140	454	1
453	454	1
134	455	1
135	455	1
159	455	1
246	455	1
571	455	1
572	455	1
739	455	1
821	455	1
1478	455	1
2098	455	1
49	456	1
50	456	1
51	456	1
52	456	1
53	456	1
58	456	1
69	456	1
71	456	1
75	456	1
76	456	1
80	456	1
81	456	1
95	456	1
97	456	1
100	456	1
150	456	1
153	456	1
245	456	1
263	456	1
265	456	1
381	456	1
423	456	1
652	456	1
841	456	1
1412	456	1
1587	456	1
408	457	1
409	457	1
417	457	1
418	457	1
443	457	1
460	457	1
560	457	1
702	457	1
1061	457	1
1289	457	1
1317	457	1
459	458	1
557	458	1
1056	458	1
1106	458	1
1153	458	1
1374	458	1
1390	458	1
1797	458	1
458	459	1
557	459	1
1106	459	1
1153	459	1
1374	459	1
1390	459	1
2033	459	1
11	460	1
27	460	1
145	460	1
314	460	1
354	460	1
410	460	1
417	460	1
418	460	1
443	460	1
457	460	1
495	460	1
510	460	1
682	460	1
796	460	1
11	461	1
13	461	1
14	461	1
54	461	1
55	461	1
56	461	1
57	461	1
59	461	1
172	461	1
242	461	1
268	461	1
281	461	1
314	461	1
366	461	1
367	461	1
379	461	1
382	461	1
406	461	1
435	461	1
495	461	1
505	461	1
612	461	1
709	461	1
1109	461	1
2	462	1
49	462	1
50	462	1
51	462	1
52	462	1
53	462	1
58	462	1
70	462	1
75	462	1
80	462	1
84	462	1
92	462	1
95	462	1
100	462	1
153	462	1
245	462	1
263	462	1
265	462	1
267	462	1
296	462	1
302	462	1
351	462	1
381	462	1
405	462	1
471	462	1
472	462	1
508	462	1
512	462	1
526	462	1
589	462	1
1345	462	1
40	463	1
42	463	1
45	463	1
68	463	1
335	463	1
413	463	1
464	463	1
485	463	1
1197	463	1
1849	463	1
40	464	1
42	464	1
45	464	1
68	464	1
335	464	1
413	464	1
463	464	1
485	464	1
1197	464	1
1849	464	1
6	465	1
292	465	1
313	465	1
637	465	1
688	465	1
1110	465	1
1213	465	1
161	466	1
254	466	1
314	466	1
440	466	1
510	466	1
541	466	1
542	466	1
579	466	1
617	466	1
676	466	1
677	466	1
1771	466	1
350	467	1
438	467	1
439	467	1
523	467	1
684	467	1
1645	467	1
1754	467	1
1798	467	1
1	468	1
2	468	1
99	468	1
101	468	1
102	468	1
111	468	1
131	468	1
156	468	1
296	468	1
309	468	1
342	468	1
384	468	1
386	468	1
388	468	1
393	468	1
402	468	1
526	468	1
534	468	1
627	468	1
663	468	1
680	468	1
771	468	1
862	468	1
1104	468	1
1554	468	1
1561	468	1
5	469	1
6	469	1
109	469	1
110	469	1
117	469	1
239	469	1
292	469	1
313	469	1
339	469	1
350	469	1
688	469	1
1082	469	1
1110	469	1
1124	469	1
1125	469	1
1213	469	1
1301	469	1
1309	469	1
1410	469	1
1531	469	1
2200	469	1
11	470	1
46	470	1
144	470	1
145	470	1
152	470	1
215	470	1
242	470	1
327	470	1
410	470	1
500	470	1
510	470	1
515	470	1
625	470	1
626	470	1
628	470	1
765	470	1
1013	470	1
1022	470	1
1023	470	1
1506	470	1
1943	470	1
1945	470	1
1946	470	1
49	471	1
50	471	1
52	471	1
53	471	1
58	471	1
76	471	1
80	471	1
84	471	1
263	471	1
267	471	1
302	471	1
405	471	1
462	471	1
1345	471	1
32	472	1
33	472	1
49	472	1
50	472	1
52	472	1
53	472	1
58	472	1
60	472	1
61	472	1
75	472	1
80	472	1
92	472	1
245	472	1
263	472	1
265	472	1
295	472	1
297	472	1
308	472	1
351	472	1
381	472	1
462	472	1
649	472	1
679	472	1
1345	472	1
1576	472	1
1608	472	1
1880	472	1
246	473	1
400	473	1
448	473	1
474	473	1
516	473	1
1192	473	1
1193	473	1
1202	473	1
1208	473	1
1215	473	1
1249	473	1
1329	473	1
1331	473	1
1987	473	1
2013	473	1
2060	473	1
254	474	1
448	474	1
473	474	1
516	474	1
591	474	1
1192	474	1
1193	474	1
1202	474	1
1215	474	1
1249	474	1
1284	474	1
1302	474	1
1331	474	1
1335	474	1
1360	474	1
1382	474	1
1629	474	1
1705	474	1
1797	474	1
1910	474	1
1912	474	1
1915	474	1
476	475	1
699	475	1
2189	475	1
213	476	1
433	476	1
475	476	1
656	476	1
657	476	1
770	476	1
784	476	1
868	476	1
919	476	1
1194	476	1
1305	476	1
1821	476	1
2066	476	1
2084	476	1
2094	476	1
2125	476	1
2155	476	1
2221	476	1
2226	476	1
2235	476	1
2237	476	1
2243	476	1
2264	476	1
2307	476	1
2312	476	1
2325	476	1
2332	476	1
2356	476	1
144	477	1
170	477	1
171	477	1
312	477	1
517	477	1
1177	477	1
1178	477	1
1	478	1
2	478	1
3	478	1
4	478	1
22	478	1
99	478	1
101	478	1
102	478	1
111	478	1
131	478	1
142	478	1
155	478	1
243	478	1
296	478	1
309	478	1
342	478	1
373	478	1
374	478	1
384	478	1
386	478	1
388	478	1
393	478	1
402	478	1
663	478	1
680	478	1
744	478	1
749	478	1
862	478	1
1104	478	1
1554	478	1
1561	478	1
119	479	1
120	479	1
481	480	1
480	481	1
553	481	1
255	482	1
321	482	1
383	482	1
1034	482	1
1257	482	1
1266	482	1
1277	482	1
1425	482	1
1440	482	1
1454	482	1
1657	482	1
40	483	1
41	483	1
45	483	1
46	483	1
68	483	1
322	483	1
407	483	1
887	483	1
1176	483	1
1197	483	1
147	484	1
161	484	1
2151	484	1
40	485	1
42	485	1
45	485	1
67	485	1
68	485	1
157	485	1
335	485	1
413	485	1
463	485	1
464	485	1
1037	485	1
1197	485	1
1423	485	1
1424	485	1
1464	485	1
1919	485	1
1931	485	1
2029	485	1
45	486	1
50	486	1
335	486	1
545	486	1
587	486	1
737	486	1
202	487	1
203	487	1
1704	487	1
1764	487	1
1851	487	1
2	488	1
95	488	1
99	488	1
101	488	1
102	488	1
111	488	1
131	488	1
155	488	1
296	488	1
309	488	1
342	488	1
373	488	1
384	488	1
388	488	1
393	488	1
402	488	1
627	488	1
663	488	1
736	488	1
49	489	1
50	489	1
51	489	1
52	489	1
53	489	1
58	489	1
80	489	1
81	489	1
95	489	1
153	489	1
245	489	1
263	489	1
265	489	1
267	489	1
302	489	1
351	489	1
381	489	1
405	489	1
423	489	1
528	489	1
554	489	1
599	489	1
328	490	1
357	490	1
358	490	1
398	490	1
446	490	1
138	491	1
386	491	1
502	491	1
522	491	1
71	492	1
113	492	1
205	492	1
210	492	1
275	492	1
342	492	1
432	492	1
516	492	1
559	492	1
704	492	1
731	492	1
761	492	1
786	492	1
892	492	1
1121	492	1
1674	492	1
1706	492	1
1708	492	1
1772	492	1
1774	492	1
303	493	1
304	493	1
333	493	1
370	493	1
387	493	1
419	493	1
421	493	1
429	493	1
451	493	1
452	493	1
494	493	1
691	493	1
711	493	1
889	493	1
1504	493	1
1515	493	1
1516	493	1
1517	493	1
1649	493	1
1809	493	1
303	494	1
304	494	1
333	494	1
370	494	1
387	494	1
419	494	1
421	494	1
429	494	1
451	494	1
452	494	1
493	494	1
511	494	1
520	494	1
691	494	1
711	494	1
1504	494	1
1515	494	1
1516	494	1
1517	494	1
1649	494	1
1809	494	1
11	495	1
172	495	1
219	495	1
366	495	1
367	495	1
379	495	1
382	495	1
406	495	1
435	495	1
460	495	1
461	495	1
505	495	1
612	495	1
709	495	1
1	496	1
2	496	1
51	496	1
79	496	1
98	496	1
99	496	1
117	496	1
118	496	1
155	496	1
156	496	1
238	496	1
239	496	1
262	496	1
288	496	1
296	496	1
339	496	1
342	496	1
544	496	1
640	496	1
664	496	1
1082	496	1
1110	496	1
1124	496	1
1125	496	1
1309	496	1
1447	496	1
1577	496	1
1582	496	1
444	497	1
445	497	1
321	498	1
323	498	1
324	498	1
1221	498	1
1670	498	1
226	499	1
1260	499	1
1292	499	1
1302	499	1
1316	499	1
92	500	1
95	500	1
155	500	1
386	500	1
470	500	1
522	500	1
537	500	1
749	500	1
1022	500	1
1023	500	1
1090	500	1
1264	500	1
1297	500	1
1472	500	1
1830	500	1
1857	500	1
1942	500	1
1968	500	1
345	501	1
346	501	1
362	501	1
380	501	1
593	501	1
1225	501	1
1843	501	1
51	502	1
121	502	1
138	502	1
386	502	1
491	502	1
522	502	1
1173	502	1
1300	502	1
365	503	1
956	503	1
217	504	1
224	504	1
227	504	1
396	504	1
448	504	1
516	504	1
900	504	1
1193	504	1
1202	504	1
1215	504	1
1249	504	1
1283	504	1
1352	504	1
1697	504	1
1796	504	1
1893	504	1
1895	504	1
1913	504	1
1918	504	1
1922	504	1
2056	504	1
172	505	1
366	505	1
367	505	1
379	505	1
382	505	1
406	505	1
435	505	1
461	505	1
495	505	1
612	505	1
709	505	1
440	506	1
441	506	1
1421	506	1
1716	506	1
2103	506	1
117	507	1
118	507	1
262	507	1
339	507	1
1110	507	1
1124	507	1
50	508	1
51	508	1
52	508	1
53	508	1
58	508	1
76	508	1
92	508	1
150	508	1
153	508	1
245	508	1
263	508	1
265	508	1
351	508	1
381	508	1
462	508	1
528	508	1
1337	508	1
1420	508	1
1441	508	1
2066	508	1
200	509	1
201	509	1
202	509	1
203	509	1
215	509	1
902	509	1
1250	509	1
1497	509	1
1692	509	1
1851	509	1
11	510	1
52	510	1
53	510	1
144	510	1
145	510	1
152	510	1
242	510	1
259	510	1
263	510	1
289	510	1
314	510	1
351	510	1
354	510	1
460	510	1
466	510	1
470	510	1
515	510	1
541	510	1
579	510	1
614	510	1
628	510	1
694	510	1
779	510	1
882	510	1
1727	510	1
303	511	1
304	511	1
370	511	1
387	511	1
419	511	1
421	511	1
429	511	1
451	511	1
452	511	1
494	511	1
711	511	1
1504	511	1
1515	511	1
1516	511	1
1517	511	1
49	512	1
50	512	1
52	512	1
53	512	1
58	512	1
71	512	1
75	512	1
76	512	1
80	512	1
92	512	1
95	512	1
245	512	1
263	512	1
267	512	1
302	512	1
462	512	1
1345	512	1
69	513	1
652	513	1
87	514	1
125	514	1
126	514	1
137	514	1
585	514	1
1734	514	1
2234	514	1
2333	514	1
11	515	1
46	515	1
152	515	1
242	515	1
410	515	1
470	515	1
510	515	1
628	515	1
71	516	1
113	516	1
205	516	1
210	516	1
246	516	1
255	516	1
275	516	1
342	516	1
400	516	1
432	516	1
447	516	1
473	516	1
474	516	1
492	516	1
504	516	1
559	516	1
761	516	1
786	516	1
892	516	1
1018	516	1
1019	516	1
1034	516	1
1051	516	1
1121	516	1
1161	516	1
1192	516	1
1208	516	1
1287	516	1
1327	516	1
1331	516	1
1361	516	1
1565	516	1
1583	516	1
1607	516	1
1674	516	1
1706	516	1
1708	516	1
1772	516	1
1774	516	1
1913	516	1
2154	516	1
2280	516	1
20	517	1
50	517	1
84	517	1
92	517	1
111	517	1
144	517	1
150	517	1
155	517	1
477	517	1
1446	517	1
1563	517	1
28	518	1
29	518	1
41	518	1
42	518	1
45	518	1
46	518	1
68	518	1
69	518	1
91	518	1
112	518	1
113	518	1
167	518	1
175	518	1
176	518	1
177	518	1
178	518	1
179	518	1
180	518	1
181	518	1
182	518	1
183	518	1
184	518	1
185	518	1
186	518	1
187	518	1
189	518	1
190	518	1
191	518	1
192	518	1
195	518	1
198	518	1
199	518	1
204	518	1
205	518	1
206	518	1
207	518	1
210	518	1
213	518	1
223	518	1
235	518	1
258	518	1
275	518	1
288	518	1
334	518	1
422	518	1
423	518	1
449	518	1
521	518	1
535	518	1
864	518	1
912	518	1
913	518	1
914	518	1
917	518	1
918	518	1
919	518	1
921	518	1
922	518	1
923	518	1
924	518	1
925	518	1
926	518	1
927	518	1
928	518	1
932	518	1
933	518	1
934	518	1
935	518	1
936	518	1
937	518	1
938	518	1
939	518	1
940	518	1
941	518	1
942	518	1
943	518	1
944	518	1
953	518	1
954	518	1
955	518	1
960	518	1
964	518	1
966	518	1
967	518	1
977	518	1
1060	518	1
1073	518	1
1101	518	1
1157	518	1
1235	518	1
1241	518	1
1242	518	1
1243	518	1
1245	518	1
1254	518	1
1261	518	1
1273	518	1
1305	518	1
1321	518	1
1443	518	1
1503	518	1
1537	518	1
1540	518	1
1624	518	1
1659	518	1
1671	518	1
1685	518	1
1686	518	1
107	519	1
108	519	1
303	520	1
304	520	1
370	520	1
387	520	1
419	520	1
421	520	1
429	520	1
451	520	1
452	520	1
494	520	1
711	520	1
889	520	1
1504	520	1
1515	520	1
1516	520	1
1517	520	1
29	521	1
65	521	1
68	521	1
91	521	1
112	521	1
175	521	1
176	521	1
177	521	1
180	521	1
183	521	1
186	521	1
190	521	1
191	521	1
192	521	1
195	521	1
199	521	1
204	521	1
205	521	1
206	521	1
207	521	1
223	521	1
275	521	1
518	521	1
629	521	1
918	521	1
923	521	1
924	521	1
932	521	1
933	521	1
936	521	1
937	521	1
949	521	1
967	521	1
1101	521	1
1387	521	1
92	522	1
138	522	1
386	522	1
450	522	1
491	522	1
500	522	1
502	522	1
566	522	1
732	522	1
933	522	1
438	523	1
439	523	1
467	523	1
1645	523	1
1798	523	1
28	524	1
29	524	1
40	524	1
91	524	1
258	524	1
1438	524	1
1690	524	1
1838	524	1
450	525	1
867	525	1
2146	525	1
1	526	1
2	526	1
58	526	1
84	526	1
99	526	1
101	526	1
131	526	1
142	526	1
265	526	1
296	526	1
309	526	1
342	526	1
381	526	1
384	526	1
386	526	1
393	526	1
402	526	1
462	526	1
468	526	1
663	526	1
680	526	1
739	526	1
138	527	1
386	527	1
49	528	1
51	528	1
52	528	1
53	528	1
58	528	1
80	528	1
81	528	1
95	528	1
150	528	1
245	528	1
263	528	1
265	528	1
267	528	1
302	528	1
351	528	1
405	528	1
423	528	1
489	528	1
508	528	1
554	528	1
790	528	1
530	529	1
615	529	1
99	530	1
529	530	1
615	530	1
194	531	1
323	531	1
324	531	1
1119	531	1
1184	531	1
1185	531	1
1221	531	1
2014	531	1
2020	531	1
533	532	1
2219	532	1
2253	532	1
532	533	1
2	534	1
99	534	1
102	534	1
156	534	1
342	534	1
384	534	1
386	534	1
393	534	1
402	534	1
468	534	1
663	534	1
680	534	1
736	534	1
862	534	1
1104	534	1
1554	534	1
1561	534	1
29	535	1
65	535	1
68	535	1
91	535	1
112	535	1
175	535	1
176	535	1
177	535	1
180	535	1
183	535	1
186	535	1
190	535	1
191	535	1
192	535	1
195	535	1
199	535	1
204	535	1
205	535	1
206	535	1
207	535	1
223	535	1
275	535	1
518	535	1
629	535	1
918	535	1
923	535	1
924	535	1
932	535	1
933	535	1
936	535	1
937	535	1
949	535	1
967	535	1
1101	535	1
1387	535	1
119	536	1
120	536	1
160	536	1
558	536	1
2098	536	1
170	537	1
171	537	1
500	537	1
538	537	1
1091	537	1
1131	537	1
1147	537	1
1496	537	1
1652	537	1
1702	537	1
1704	537	1
1764	537	1
1830	537	1
1857	537	1
1888	537	1
537	538	1
540	539	1
1501	539	1
1687	539	1
321	540	1
539	540	1
767	540	1
768	540	1
1501	540	1
1687	540	1
20	541	1
466	541	1
510	541	1
542	541	1
610	541	1
776	541	1
1538	541	1
1573	541	1
2179	541	1
2180	541	1
2182	541	1
2368	541	1
196	542	1
466	542	1
541	542	1
776	542	1
22	543	1
46	543	1
68	543	1
99	543	1
152	543	1
342	543	1
578	543	1
639	543	1
822	543	1
117	544	1
238	544	1
239	544	1
262	544	1
339	544	1
496	544	1
1110	544	1
1447	544	1
1582	544	1
1878	544	1
2160	544	1
2345	544	1
25	545	1
26	545	1
50	545	1
76	545	1
164	545	1
350	545	1
486	545	1
598	545	1
1614	545	1
1683	545	1
2198	545	1
410	546	1
547	546	1
579	546	1
617	546	1
626	546	1
682	546	1
152	547	1
242	547	1
410	547	1
546	547	1
579	547	1
1727	547	1
174	548	1
1115	548	1
1135	548	1
1555	548	1
550	549	1
604	549	1
2101	549	1
549	550	1
552	551	1
623	551	1
653	551	1
551	552	1
623	552	1
653	552	1
481	553	1
1711	553	1
49	554	1
51	554	1
52	554	1
53	554	1
58	554	1
80	554	1
81	554	1
95	554	1
245	554	1
263	554	1
265	554	1
267	554	1
302	554	1
351	554	1
405	554	1
423	554	1
489	554	1
528	554	1
556	555	1
576	555	1
610	555	1
797	555	1
2219	555	1
555	556	1
2219	556	1
458	557	1
459	557	1
1106	557	1
1153	557	1
1390	557	1
35	558	1
120	558	1
536	558	1
2098	558	1
2248	558	1
71	559	1
113	559	1
199	559	1
342	559	1
432	559	1
492	559	1
516	559	1
638	559	1
704	559	1
761	559	1
786	559	1
246	560	1
312	560	1
417	560	1
418	560	1
443	560	1
457	560	1
1192	560	1
1442	560	1
1913	560	1
562	561	1
634	561	1
920	561	1
255	562	1
259	562	1
431	562	1
561	562	1
634	562	1
655	562	1
1051	562	1
1085	562	1
1161	562	1
1302	562	1
1335	562	1
1360	562	1
1393	562	1
1543	562	1
1556	562	1
1610	562	1
1623	562	1
1697	562	1
1707	562	1
1802	562	1
1873	562	1
1894	562	1
1898	562	1
1899	562	1
1972	562	1
1977	562	1
2190	562	1
2218	562	1
2265	562	1
2268	562	1
2305	562	1
2362	562	1
11	563	1
55	563	1
242	563	1
314	563	1
564	563	1
11	564	1
395	564	1
563	564	1
757	564	1
764	564	1
1193	564	1
1202	564	1
1215	564	1
1906	564	1
1956	564	1
2031	564	1
2045	564	1
82	565	1
658	565	1
121	566	1
314	566	1
333	566	1
410	566	1
522	566	1
567	566	1
811	566	1
984	566	1
1151	566	1
1332	566	1
2149	566	1
410	567	1
566	567	1
579	567	1
1041	567	1
1042	567	1
1043	567	1
1050	567	1
1185	567	1
1673	567	1
1831	567	1
1836	567	1
1883	567	1
344	568	1
34	569	1
40	570	1
41	570	1
42	570	1
45	570	1
46	570	1
67	570	1
68	570	1
335	570	1
413	570	1
887	570	1
134	571	1
135	571	1
455	571	1
572	571	1
729	571	1
134	572	1
135	572	1
455	572	1
571	572	1
729	572	1
574	573	1
1053	573	1
1574	573	1
1868	573	1
573	574	1
742	574	1
2169	574	1
116	575	1
375	575	1
2084	575	1
2095	575	1
2096	575	1
2097	575	1
555	576	1
577	576	1
576	577	1
543	578	1
579	578	1
624	578	1
677	578	1
885	578	1
46	579	1
242	579	1
254	579	1
314	579	1
410	579	1
466	579	1
510	579	1
546	579	1
547	579	1
567	579	1
578	579	1
617	579	1
682	579	1
1632	579	1
1673	579	1
1771	579	1
1781	579	1
113	580	1
181	580	1
731	580	1
582	581	1
616	581	1
654	581	1
673	581	1
581	582	1
616	582	1
654	582	1
673	582	1
684	582	1
34	583	1
35	583	1
2197	583	1
2248	583	1
28	584	1
91	584	1
407	584	1
675	584	1
1176	584	1
1811	584	1
1813	584	1
87	585	1
126	585	1
137	585	1
514	585	1
2259	585	1
92	586	1
150	586	1
2364	586	1
486	587	1
389	588	1
390	588	1
49	589	1
50	589	1
52	589	1
53	589	1
58	589	1
76	589	1
84	589	1
150	589	1
245	589	1
265	589	1
267	589	1
381	589	1
462	589	1
73	590	1
145	590	1
318	590	1
321	590	1
1337	590	1
1399	590	1
1544	590	1
1547	590	1
1584	590	1
1831	590	1
1836	590	1
1883	590	1
474	591	1
592	591	1
1208	591	1
1797	591	1
1910	591	1
1912	591	1
1915	591	1
591	592	1
1556	592	1
345	593	1
346	593	1
362	593	1
380	593	1
501	593	1
217	594	1
224	594	1
227	594	1
272	594	1
595	594	1
765	594	1
1148	594	1
1150	594	1
1239	594	1
1240	594	1
1310	594	1
1894	594	1
1977	594	1
1979	594	1
1980	594	1
1981	594	1
594	595	1
1975	595	1
1979	595	1
20	596	1
785	596	1
1117	596	1
1118	596	1
246	597	1
247	597	1
248	597	1
25	598	1
26	598	1
49	598	1
50	598	1
51	598	1
58	598	1
66	598	1
69	598	1
71	598	1
100	598	1
150	598	1
245	598	1
342	598	1
350	598	1
545	598	1
632	598	1
49	599	1
52	599	1
53	599	1
80	599	1
81	599	1
100	599	1
143	599	1
245	599	1
263	599	1
265	599	1
423	599	1
489	599	1
11	600	1
13	600	1
14	600	1
27	600	1
55	600	1
56	600	1
57	600	1
59	600	1
242	600	1
264	600	1
268	600	1
281	600	1
310	600	1
1096	600	1
151	601	1
152	601	1
424	601	1
991	601	1
1336	601	1
1354	601	1
603	602	1
647	602	1
1415	602	1
1425	602	1
1524	602	1
602	603	1
647	603	1
1415	603	1
1425	603	1
1524	603	1
549	604	1
1549	604	1
2091	604	1
2101	604	1
2202	604	1
151	605	1
152	605	1
424	605	1
991	605	1
1336	605	1
1354	605	1
129	606	1
208	606	1
209	606	1
228	606	1
229	606	1
315	606	1
385	606	1
1293	606	1
1419	606	1
36	607	1
164	607	1
608	607	1
756	607	1
36	608	1
164	608	1
607	608	1
98	609	1
420	609	1
23	610	1
541	610	1
555	610	1
2161	610	1
23	611	1
763	611	1
172	612	1
366	612	1
367	612	1
379	612	1
382	612	1
406	612	1
435	612	1
461	612	1
495	612	1
505	612	1
73	613	1
1534	613	1
3	614	1
4	614	1
22	614	1
65	614	1
243	614	1
309	614	1
510	614	1
643	614	1
720	614	1
1923	614	1
529	615	1
530	615	1
581	616	1
582	616	1
654	616	1
673	616	1
254	617	1
466	617	1
546	617	1
579	617	1
618	617	1
705	617	1
1571	617	1
1781	617	1
430	618	1
617	618	1
705	618	1
620	619	1
390	620	1
619	620	1
824	620	1
2240	620	1
4	621	1
88	621	1
622	621	1
1490	621	1
621	622	1
1833	622	1
290	623	1
551	623	1
552	623	1
653	623	1
747	623	1
916	623	1
1455	623	1
92	624	1
251	624	1
320	624	1
427	624	1
578	624	1
470	625	1
626	625	1
152	626	1
327	626	1
470	626	1
546	626	1
625	626	1
765	626	1
111	627	1
155	627	1
296	627	1
402	627	1
468	627	1
488	627	1
671	627	1
686	627	1
736	627	1
70	628	1
152	628	1
470	628	1
510	628	1
515	628	1
29	629	1
198	629	1
235	629	1
306	629	1
423	629	1
521	629	1
535	629	1
960	629	1
962	629	1
964	629	1
966	629	1
977	629	1
985	629	1
1057	629	1
1173	629	1
1279	629	1
1472	629	1
1660	629	1
1691	629	1
1790	629	1
1823	629	1
631	630	1
633	630	1
630	631	1
772	631	1
781	631	1
810	631	1
49	632	1
51	632	1
58	632	1
69	632	1
71	632	1
100	632	1
245	632	1
598	632	1
630	633	1
561	634	1
562	634	1
2292	634	1
25	635	1
26	635	1
270	635	1
271	635	1
321	635	1
349	635	1
350	635	1
359	635	1
401	635	1
637	635	1
688	635	1
836	635	1
1110	635	1
1124	635	1
1168	635	1
1238	635	1
1299	635	1
1301	635	1
1353	635	1
1430	635	1
1518	635	1
1722	635	1
219	636	1
300	636	1
306	636	1
352	636	1
383	636	1
647	636	1
1524	636	1
1603	636	1
1770	636	1
1787	636	1
6	637	1
25	637	1
98	637	1
270	637	1
271	637	1
292	637	1
349	637	1
350	637	1
359	637	1
401	637	1
465	637	1
635	637	1
688	637	1
712	637	1
1110	637	1
1124	637	1
1125	637	1
1168	637	1
1213	637	1
1238	637	1
1301	637	1
1353	637	1
1430	637	1
1518	637	1
1722	637	1
432	638	1
559	638	1
731	638	1
543	639	1
50	640	1
79	640	1
84	640	1
92	640	1
99	640	1
155	640	1
156	640	1
288	640	1
296	640	1
342	640	1
496	640	1
196	641	1
642	641	1
762	641	1
763	641	1
1127	641	1
196	642	1
641	642	1
762	642	1
763	642	1
861	642	1
2084	642	1
2106	642	1
2193	642	1
2261	642	1
3	643	1
4	643	1
22	643	1
243	643	1
614	643	1
40	644	1
41	644	1
46	644	1
206	645	1
761	645	1
962	645	1
1118	645	1
1131	645	1
1177	645	1
1257	645	1
1266	645	1
1277	645	1
1426	645	1
1449	645	1
1588	645	1
1628	645	1
344	646	1
72	647	1
73	647	1
87	647	1
300	647	1
306	647	1
602	647	1
603	647	1
636	647	1
1183	647	1
1276	647	1
1524	647	1
341	648	1
787	648	1
32	649	1
33	649	1
60	649	1
61	649	1
295	649	1
297	649	1
308	649	1
472	649	1
650	649	1
662	649	1
679	649	1
1608	649	1
1926	649	1
432	650	1
649	650	1
1169	650	1
1880	650	1
26	651	1
66	651	1
354	651	1
738	651	1
2081	651	1
49	652	1
51	652	1
69	652	1
245	652	1
456	652	1
513	652	1
551	653	1
552	653	1
623	653	1
581	654	1
582	654	1
616	654	1
673	654	1
146	655	1
321	655	1
562	655	1
900	655	1
920	655	1
1283	655	1
1352	655	1
1950	655	1
1974	655	1
476	656	1
657	656	1
2106	656	1
2137	656	1
476	657	1
656	657	1
2106	657	1
2113	657	1
2137	657	1
2301	657	1
82	658	1
356	658	1
565	658	1
42	659	1
45	659	1
251	659	1
335	659	1
661	660	1
909	660	1
1314	660	1
660	661	1
909	661	1
1314	661	1
32	662	1
33	662	1
60	662	1
61	662	1
92	662	1
101	662	1
295	662	1
297	662	1
308	662	1
649	662	1
663	662	1
679	662	1
771	662	1
803	662	1
1576	662	1
1608	662	1
1880	662	1
1	663	1
2	663	1
99	663	1
101	663	1
102	663	1
131	663	1
155	663	1
156	663	1
296	663	1
309	663	1
342	663	1
373	663	1
384	663	1
386	663	1
388	663	1
393	663	1
402	663	1
468	663	1
478	663	1
488	663	1
526	663	1
534	663	1
662	663	1
680	663	1
862	663	1
1104	663	1
1554	663	1
1561	663	1
1	664	1
2	664	1
155	664	1
496	664	1
715	664	1
1594	664	1
666	665	1
859	665	1
665	666	1
831	666	1
21	667	1
397	667	1
668	667	1
748	667	1
757	667	1
764	667	1
1408	667	1
1993	667	1
46	668	1
288	668	1
342	668	1
397	668	1
667	668	1
1408	668	1
1762	668	1
1993	668	1
290	669	1
291	669	1
178	670	1
722	670	1
79	671	1
342	671	1
374	671	1
627	671	1
736	671	1
771	671	1
34	672	1
1711	672	1
581	673	1
582	673	1
616	673	1
654	673	1
129	674	1
130	674	1
228	674	1
294	674	1
385	674	1
708	674	1
28	675	1
91	675	1
407	675	1
584	675	1
1128	675	1
1129	675	1
1176	675	1
1246	675	1
1247	675	1
1248	675	1
1267	675	1
466	676	1
466	677	1
578	677	1
704	677	1
32	678	1
33	678	1
60	678	1
61	678	1
295	678	1
297	678	1
308	678	1
679	678	1
1576	678	1
32	679	1
33	679	1
60	679	1
61	679	1
295	679	1
297	679	1
308	679	1
472	679	1
649	679	1
662	679	1
678	679	1
1576	679	1
1608	679	1
1880	679	1
2	680	1
99	680	1
101	680	1
131	680	1
155	680	1
156	680	1
296	680	1
309	680	1
342	680	1
369	680	1
373	680	1
384	680	1
386	680	1
393	680	1
402	680	1
468	680	1
478	680	1
526	680	1
534	680	1
663	680	1
739	680	1
862	680	1
1104	680	1
1554	680	1
1561	680	1
246	681	1
255	681	1
352	681	1
383	681	1
400	681	1
682	681	1
802	681	1
1051	681	1
1062	681	1
1187	681	1
1244	681	1
1657	681	1
1939	681	1
67	682	1
317	682	1
404	682	1
432	682	1
460	682	1
546	682	1
579	682	1
681	682	1
802	682	1
1126	682	1
1169	682	1
1493	682	1
1499	682	1
1717	682	1
1888	682	1
85	683	1
98	683	1
136	683	1
154	683	1
350	684	1
439	684	1
467	684	1
582	684	1
34	685	1
127	686	1
627	686	1
1647	686	1
1689	686	1
291	687	1
5	688	1
6	688	1
98	688	1
109	688	1
110	688	1
117	688	1
239	688	1
270	688	1
271	688	1
292	688	1
313	688	1
339	688	1
349	688	1
350	688	1
401	688	1
465	688	1
469	688	1
635	688	1
637	688	1
1082	688	1
1110	688	1
1124	688	1
1125	688	1
1168	688	1
1213	688	1
1238	688	1
1301	688	1
1309	688	1
1353	688	1
1430	688	1
1518	688	1
1531	688	1
1722	688	1
133	689	1
690	689	1
725	689	1
727	689	1
789	689	1
1115	689	1
1376	689	1
1864	689	1
1866	689	1
689	690	1
303	691	1
304	691	1
333	691	1
370	691	1
385	691	1
387	691	1
419	691	1
421	691	1
429	691	1
451	691	1
452	691	1
493	691	1
494	691	1
711	691	1
1504	691	1
1515	691	1
1516	691	1
1517	691	1
1649	691	1
1801	691	1
1809	691	1
2082	691	1
2083	691	1
248	692	1
414	692	1
743	692	1
1177	692	1
1494	692	1
391	693	1
1251	693	1
1252	693	1
289	694	1
510	694	1
64	695	1
204	695	1
422	695	1
58	696	1
71	696	1
97	696	1
89	697	1
251	697	1
2084	697	1
250	698	1
251	698	1
1170	698	1
89	699	1
116	699	1
120	699	1
162	699	1
375	699	1
475	699	1
755	699	1
837	699	1
840	699	1
1632	699	1
2084	699	1
2095	699	1
2096	699	1
2230	699	1
2288	699	1
121	700	1
122	700	1
165	700	1
144	701	1
145	701	1
306	701	1
246	702	1
312	702	1
417	702	1
418	702	1
443	702	1
457	702	1
1192	702	1
1442	702	1
1913	702	1
46	703	1
1007	703	1
113	704	1
199	704	1
492	704	1
559	704	1
677	704	1
254	705	1
617	705	1
618	705	1
707	706	1
1420	706	1
1441	706	1
200	707	1
215	707	1
706	707	1
715	707	1
129	708	1
130	708	1
228	708	1
294	708	1
385	708	1
674	708	1
172	709	1
366	709	1
367	709	1
379	709	1
382	709	1
406	709	1
435	709	1
461	709	1
495	709	1
505	709	1
327	710	1
328	710	1
357	710	1
358	710	1
398	710	1
446	710	1
129	711	1
130	711	1
228	711	1
303	711	1
304	711	1
333	711	1
370	711	1
385	711	1
387	711	1
419	711	1
421	711	1
429	711	1
451	711	1
452	711	1
493	711	1
494	711	1
511	711	1
520	711	1
691	711	1
1504	711	1
1515	711	1
1516	711	1
1517	711	1
1649	711	1
1809	711	1
2083	711	1
2339	711	1
637	712	1
1002	712	1
714	713	1
713	714	1
741	714	1
664	715	1
707	715	1
1594	715	1
26	716	1
251	716	1
433	717	1
718	717	1
778	717	1
2084	717	1
2106	717	1
717	718	1
778	718	1
2084	718	1
2106	718	1
11	719	1
13	719	1
27	719	1
56	719	1
264	719	1
268	719	1
281	719	1
3	720	1
4	720	1
22	720	1
243	720	1
309	720	1
614	720	1
251	721	1
670	722	1
246	723	1
375	723	1
25	724	1
26	724	1
127	724	1
168	724	1
428	724	1
2245	724	1
174	725	1
225	725	1
226	725	1
689	725	1
726	725	1
916	725	1
1036	725	1
1172	725	1
1756	725	1
725	726	1
689	727	1
1711	727	1
391	728	1
1391	728	1
571	729	1
572	729	1
342	730	1
785	730	1
867	730	1
1117	730	1
1118	730	1
113	731	1
174	731	1
432	731	1
492	731	1
580	731	1
638	731	1
1082	731	1
143	732	1
522	732	1
1202	732	1
1493	732	1
1861	732	1
85	733	1
86	733	1
98	733	1
114	733	1
136	733	1
154	733	1
6	734	1
292	734	1
735	734	1
1110	734	1
1213	734	1
734	735	1
102	736	1
111	736	1
131	736	1
296	736	1
373	736	1
402	736	1
488	736	1
534	736	1
627	736	1
671	736	1
309	737	1
386	737	1
486	737	1
830	737	1
66	738	1
651	738	1
116	739	1
161	739	1
166	739	1
316	739	1
375	739	1
455	739	1
526	739	1
680	739	1
745	739	1
746	739	1
855	739	1
2084	739	1
2137	739	1
2164	739	1
2205	739	1
2227	739	1
2229	739	1
2230	739	1
344	740	1
215	741	1
714	741	1
764	741	1
574	742	1
417	743	1
418	743	1
443	743	1
692	743	1
1	744	1
2	744	1
99	744	1
101	744	1
102	744	1
111	744	1
131	744	1
142	744	1
296	744	1
309	744	1
384	744	1
388	744	1
478	744	1
116	745	1
375	745	1
433	745	1
739	745	1
746	745	1
1311	745	1
1314	745	1
2084	745	1
2106	745	1
2229	745	1
2291	745	1
739	746	1
745	746	1
819	746	1
820	746	1
874	746	1
623	747	1
2084	747	1
667	748	1
764	748	1
2	749	1
3	749	1
4	749	1
22	749	1
99	749	1
101	749	1
102	749	1
131	749	1
243	749	1
296	749	1
309	749	1
384	749	1
386	749	1
388	749	1
478	749	1
500	749	1
1101	749	1
1356	749	1
2018	749	1
26	750	1
342	750	1
752	751	1
1176	751	1
2156	751	1
2245	751	1
751	752	1
2156	752	1
754	753	1
753	754	1
788	754	1
1130	754	1
363	755	1
699	755	1
1413	755	1
2114	755	1
2168	755	1
163	756	1
607	756	1
1711	756	1
2156	756	1
2276	756	1
564	757	1
667	757	1
764	757	1
1497	757	1
1692	757	1
1907	757	1
196	758	1
76	759	1
116	760	1
161	760	1
162	760	1
375	760	1
445	760	1
71	761	1
342	761	1
492	761	1
516	761	1
559	761	1
645	761	1
786	761	1
962	761	1
1131	761	1
1177	761	1
1588	761	1
1635	761	1
1773	761	1
116	762	1
375	762	1
641	762	1
642	762	1
897	762	1
109	763	1
272	763	1
380	763	1
394	763	1
611	763	1
641	763	1
642	763	1
1186	763	1
1315	763	1
1453	763	1
1475	763	1
1523	763	1
1528	763	1
1710	763	1
1753	763	1
1755	763	1
1763	763	1
1767	763	1
1799	763	1
1807	763	1
564	764	1
667	764	1
741	764	1
748	764	1
757	764	1
1497	764	1
1692	764	1
1907	764	1
354	765	1
431	765	1
470	765	1
594	765	1
626	765	1
1194	765	1
1240	765	1
1949	765	1
1975	765	1
101	766	1
102	766	1
131	766	1
402	766	1
540	767	1
768	767	1
1687	767	1
540	768	1
767	768	1
1687	768	1
116	769	1
240	769	1
241	769	1
375	769	1
770	769	1
816	769	1
817	769	1
903	769	1
1226	769	1
1228	769	1
2084	769	1
2089	769	1
2205	769	1
265	770	1
433	770	1
476	770	1
769	770	1
816	770	1
1375	770	1
1377	770	1
1482	770	1
1488	770	1
1489	770	1
1505	770	1
1622	770	1
1737	770	1
1765	770	1
2106	770	1
468	771	1
662	771	1
671	771	1
1728	771	1
631	772	1
859	772	1
344	773	1
1186	773	1
354	774	1
38	775	1
39	775	1
1116	775	1
2232	775	1
541	776	1
542	776	1
99	777	1
156	777	1
717	778	1
718	778	1
510	779	1
832	779	1
2	780	1
28	780	1
631	781	1
782	781	1
1711	781	1
2245	781	1
781	782	1
1711	782	1
2245	782	1
784	783	1
476	784	1
783	784	1
354	785	1
596	785	1
730	785	1
834	785	1
1008	785	1
1009	785	1
2211	785	1
71	786	1
342	786	1
492	786	1
516	786	1
559	786	1
761	786	1
648	787	1
174	788	1
754	788	1
1130	788	1
689	789	1
52	790	1
58	790	1
263	790	1
528	790	1
310	791	1
880	791	1
793	792	1
853	792	1
1180	792	1
1274	792	1
1603	792	1
792	793	1
34	794	1
2248	794	1
431	795	1
11	796	1
242	796	1
460	796	1
956	796	1
1160	796	1
1194	796	1
555	797	1
66	798	1
88	799	1
131	800	1
818	800	1
41	801	1
841	801	1
67	802	1
317	802	1
404	802	1
432	802	1
681	802	1
682	802	1
1126	802	1
1169	802	1
1349	802	1
1493	802	1
1499	802	1
1717	802	1
1888	802	1
662	803	1
805	804	1
804	805	1
973	805	1
252	806	1
83	807	1
4	808	1
22	808	1
26	808	1
49	808	1
51	808	1
243	808	1
245	808	1
810	809	1
631	810	1
809	810	1
842	810	1
1190	810	1
566	811	1
2149	811	1
2238	811	1
328	812	1
117	813	1
262	813	1
342	814	1
815	814	1
2078	814	1
418	815	1
814	815	1
1053	815	1
1179	815	1
1274	815	1
769	816	1
770	816	1
817	816	1
1816	816	1
2107	816	1
2124	816	1
2125	816	1
769	817	1
816	817	1
2093	817	1
800	818	1
746	819	1
820	819	1
746	820	1
819	820	1
2084	820	1
2106	820	1
406	821	1
433	821	1
455	821	1
1369	821	1
1825	821	1
543	822	1
263	823	1
344	823	1
335	824	1
620	824	1
1251	824	1
1306	824	1
2199	824	1
2245	824	1
2247	824	1
320	825	1
321	825	1
350	825	1
51	826	1
245	826	1
280	827	1
250	828	1
124	829	1
2	830	1
288	830	1
737	830	1
833	830	1
1251	830	1
11	831	1
666	831	1
1711	831	1
233	832	1
234	832	1
244	832	1
779	832	1
869	832	1
1077	832	1
1538	832	1
1733	832	1
2236	832	1
411	833	1
412	833	1
830	833	1
1251	833	1
1252	833	1
2289	833	1
2290	833	1
785	834	1
85	835	1
321	835	1
635	836	1
1680	836	1
699	837	1
34	838	1
2196	838	1
2306	838	1
2308	838	1
320	839	1
321	839	1
699	840	1
49	841	1
51	841	1
58	841	1
69	841	1
71	841	1
80	841	1
97	841	1
152	841	1
245	841	1
342	841	1
456	841	1
801	841	1
1302	841	1
1335	841	1
1360	841	1
1587	841	1
810	842	1
408	843	1
309	844	1
433	844	1
34	845	1
324	845	1
847	846	1
161	847	1
846	847	1
2084	847	1
2137	847	1
2172	847	1
2230	847	1
2245	847	1
127	848	1
128	848	1
344	849	1
52	850	1
237	850	1
122	851	1
145	851	1
988	851	1
992	851	1
1327	851	1
1361	851	1
1559	851	1
1560	851	1
1575	851	1
1586	851	1
1621	851	1
1643	851	1
1644	851	1
157	852	1
792	853	1
1180	853	1
1274	853	1
1603	853	1
147	854	1
148	854	1
161	855	1
739	855	1
2150	855	1
147	856	1
161	856	1
374	857	1
34	858	1
665	859	1
772	859	1
321	860	1
875	860	1
1302	860	1
1335	860	1
1360	860	1
1563	860	1
1622	860	1
1947	860	1
642	861	1
2	862	1
95	862	1
99	862	1
101	862	1
131	862	1
155	862	1
156	862	1
296	862	1
309	862	1
342	862	1
373	862	1
384	862	1
386	862	1
393	862	1
402	862	1
468	862	1
478	862	1
534	862	1
663	862	1
680	862	1
1104	862	1
1554	862	1
1561	862	1
864	863	1
1060	863	1
1073	863	1
1711	863	1
2245	863	1
68	864	1
91	864	1
112	864	1
175	864	1
176	864	1
177	864	1
180	864	1
183	864	1
186	864	1
190	864	1
191	864	1
192	864	1
195	864	1
204	864	1
205	864	1
206	864	1
207	864	1
223	864	1
275	864	1
518	864	1
863	864	1
918	864	1
923	864	1
924	864	1
932	864	1
933	864	1
936	864	1
937	864	1
949	864	1
967	864	1
1101	864	1
145	865	1
166	865	1
1062	865	1
1063	865	1
1295	865	1
138	866	1
1158	866	1
1265	866	1
1665	866	1
1879	866	1
126	867	1
450	867	1
525	867	1
730	867	1
2146	867	1
306	868	1
476	868	1
873	868	1
133	869	1
832	869	1
870	869	1
869	870	1
2245	870	1
81	871	1
150	871	1
147	872	1
2151	872	1
2172	872	1
868	873	1
7	874	1
746	874	1
410	875	1
860	875	1
1008	875	1
1009	875	1
1622	875	1
1723	875	1
1841	875	1
437	876	1
877	876	1
876	877	1
121	878	1
879	878	1
2079	878	1
121	879	1
878	879	1
791	880	1
881	880	1
916	880	1
880	881	1
244	882	1
510	882	1
1154	882	1
1155	882	1
1176	882	1
1265	882	1
1468	882	1
1543	882	1
1610	882	1
1623	882	1
1733	882	1
1751	882	1
1952	882	1
1953	882	1
1955	882	1
1986	882	1
1988	882	1
1995	882	1
2011	882	1
2247	882	1
248	883	1
899	883	1
34	884	1
362	884	1
2302	884	1
578	885	1
198	886	1
1279	886	1
483	887	1
570	887	1
2367	887	1
34	888	1
35	888	1
2248	888	1
174	889	1
303	889	1
429	889	1
451	889	1
493	889	1
520	889	1
904	889	1
976	889	1
1056	889	1
891	890	1
904	890	1
909	890	1
970	890	1
1365	890	1
890	891	1
904	891	1
970	891	1
67	892	1
68	892	1
91	892	1
113	892	1
174	892	1
205	892	1
210	892	1
246	892	1
275	892	1
288	892	1
322	892	1
432	892	1
492	892	1
516	892	1
906	892	1
1006	892	1
1042	892	1
1057	892	1
1121	892	1
1157	892	1
1194	892	1
1253	892	1
1255	892	1
1262	892	1
1495	892	1
1588	892	1
1674	892	1
1706	892	1
1708	892	1
1772	892	1
1774	892	1
1872	892	1
121	893	1
122	893	1
158	893	1
289	893	1
317	893	1
1152	893	1
1346	893	1
1364	893	1
895	894	1
911	894	1
1137	894	1
1268	894	1
1747	894	1
894	895	1
897	896	1
905	896	1
1721	896	1
762	897	1
896	897	1
950	897	1
1791	897	1
2193	897	1
899	898	1
448	899	1
883	899	1
898	899	1
1025	899	1
1087	899	1
364	900	1
504	900	1
655	900	1
901	900	1
1275	900	1
1325	900	1
1565	900	1
1726	900	1
1845	900	1
1972	900	1
2021	900	1
2025	900	1
2084	900	1
900	901	1
200	902	1
201	902	1
215	902	1
509	902	1
1250	902	1
1379	902	1
40	903	1
769	903	1
1711	903	1
889	904	1
890	904	1
891	904	1
174	905	1
217	905	1
225	905	1
260	905	1
896	905	1
1006	905	1
1010	905	1
1052	905	1
1053	905	1
1405	905	1
1407	905	1
1514	905	1
1630	905	1
1666	905	1
1667	905	1
892	906	1
907	906	1
972	906	1
1136	906	1
1181	906	1
1231	906	1
1429	906	1
1431	906	1
1434	906	1
1805	906	1
1839	906	1
906	907	1
174	908	1
976	908	1
1225	908	1
1444	908	1
1512	908	1
660	909	1
661	909	1
890	909	1
910	909	1
920	909	1
931	909	1
973	909	1
1024	909	1
1040	909	1
1497	909	1
1654	909	1
909	910	1
1365	910	1
1580	910	1
894	911	1
29	912	1
67	912	1
68	912	1
91	912	1
112	912	1
175	912	1
176	912	1
177	912	1
180	912	1
183	912	1
186	912	1
190	912	1
191	912	1
192	912	1
195	912	1
199	912	1
204	912	1
205	912	1
206	912	1
207	912	1
223	912	1
275	912	1
322	912	1
518	912	1
918	912	1
923	912	1
924	912	1
932	912	1
933	912	1
936	912	1
937	912	1
949	912	1
967	912	1
1101	912	1
1253	912	1
1262	912	1
1494	912	1
1495	912	1
1872	912	1
29	913	1
67	913	1
68	913	1
91	913	1
112	913	1
175	913	1
176	913	1
177	913	1
180	913	1
183	913	1
186	913	1
190	913	1
191	913	1
192	913	1
195	913	1
199	913	1
204	913	1
205	913	1
206	913	1
207	913	1
223	913	1
275	913	1
322	913	1
518	913	1
918	913	1
923	913	1
924	913	1
932	913	1
933	913	1
936	913	1
937	913	1
943	913	1
949	913	1
967	913	1
1101	913	1
1253	913	1
1262	913	1
1494	913	1
1495	913	1
1872	913	1
29	914	1
67	914	1
68	914	1
91	914	1
112	914	1
175	914	1
176	914	1
177	914	1
180	914	1
183	914	1
186	914	1
190	914	1
191	914	1
192	914	1
195	914	1
199	914	1
204	914	1
205	914	1
206	914	1
207	914	1
223	914	1
275	914	1
322	914	1
518	914	1
918	914	1
923	914	1
924	914	1
932	914	1
933	914	1
936	914	1
937	914	1
949	914	1
967	914	1
1101	914	1
1253	914	1
1262	914	1
1494	914	1
1495	914	1
1872	914	1
73	915	1
916	915	1
174	916	1
623	916	1
725	916	1
880	916	1
915	916	1
1079	916	1
1455	916	1
1762	916	1
29	917	1
67	917	1
68	917	1
91	917	1
112	917	1
175	917	1
176	917	1
177	917	1
180	917	1
183	917	1
186	917	1
190	917	1
191	917	1
192	917	1
195	917	1
199	917	1
204	917	1
205	917	1
206	917	1
207	917	1
223	917	1
275	917	1
322	917	1
518	917	1
918	917	1
923	917	1
924	917	1
932	917	1
933	917	1
936	917	1
937	917	1
949	917	1
967	917	1
1101	917	1
1253	917	1
1262	917	1
1494	917	1
1495	917	1
1872	917	1
28	918	1
29	918	1
40	918	1
41	918	1
42	918	1
45	918	1
46	918	1
65	918	1
68	918	1
69	918	1
91	918	1
112	918	1
175	918	1
176	918	1
177	918	1
178	918	1
179	918	1
180	918	1
181	918	1
182	918	1
183	918	1
184	918	1
185	918	1
186	918	1
187	918	1
189	918	1
190	918	1
191	918	1
192	918	1
195	918	1
198	918	1
199	918	1
204	918	1
205	918	1
206	918	1
207	918	1
210	918	1
213	918	1
223	918	1
235	918	1
258	918	1
423	918	1
518	918	1
521	918	1
535	918	1
864	918	1
912	918	1
913	918	1
914	918	1
917	918	1
919	918	1
921	918	1
922	918	1
923	918	1
924	918	1
925	918	1
926	918	1
927	918	1
928	918	1
932	918	1
933	918	1
934	918	1
935	918	1
936	918	1
937	918	1
938	918	1
939	918	1
940	918	1
941	918	1
942	918	1
943	918	1
944	918	1
949	918	1
953	918	1
954	918	1
955	918	1
960	918	1
964	918	1
966	918	1
967	918	1
977	918	1
1060	918	1
1073	918	1
1235	918	1
1242	918	1
1414	918	1
29	919	1
40	919	1
65	919	1
68	919	1
91	919	1
112	919	1
175	919	1
176	919	1
177	919	1
180	919	1
183	919	1
186	919	1
190	919	1
191	919	1
192	919	1
195	919	1
199	919	1
204	919	1
205	919	1
206	919	1
207	919	1
223	919	1
275	919	1
476	919	1
518	919	1
918	919	1
923	919	1
924	919	1
932	919	1
933	919	1
936	919	1
937	919	1
949	919	1
967	919	1
1414	919	1
255	920	1
259	920	1
431	920	1
561	920	1
655	920	1
909	920	1
1051	920	1
1085	920	1
1161	920	1
1283	920	1
1302	920	1
1335	920	1
1360	920	1
1393	920	1
1543	920	1
1556	920	1
1610	920	1
1623	920	1
1697	920	1
1707	920	1
1802	920	1
1873	920	1
1894	920	1
1898	920	1
1899	920	1
1972	920	1
1977	920	1
2362	920	1
29	921	1
40	921	1
65	921	1
68	921	1
91	921	1
112	921	1
175	921	1
176	921	1
177	921	1
180	921	1
183	921	1
186	921	1
190	921	1
191	921	1
192	921	1
195	921	1
199	921	1
204	921	1
205	921	1
206	921	1
207	921	1
223	921	1
275	921	1
518	921	1
918	921	1
923	921	1
924	921	1
932	921	1
933	921	1
936	921	1
937	921	1
949	921	1
967	921	1
1414	921	1
29	922	1
40	922	1
65	922	1
68	922	1
91	922	1
112	922	1
175	922	1
176	922	1
177	922	1
180	922	1
183	922	1
186	922	1
190	922	1
191	922	1
192	922	1
195	922	1
199	922	1
204	922	1
205	922	1
206	922	1
207	922	1
223	922	1
275	922	1
518	922	1
918	922	1
923	922	1
924	922	1
932	922	1
933	922	1
936	922	1
937	922	1
949	922	1
967	922	1
1414	922	1
28	923	1
29	923	1
41	923	1
42	923	1
45	923	1
46	923	1
68	923	1
69	923	1
91	923	1
112	923	1
113	923	1
167	923	1
175	923	1
176	923	1
177	923	1
178	923	1
179	923	1
181	923	1
182	923	1
183	923	1
184	923	1
185	923	1
186	923	1
187	923	1
189	923	1
190	923	1
191	923	1
192	923	1
195	923	1
198	923	1
199	923	1
204	923	1
205	923	1
206	923	1
207	923	1
210	923	1
213	923	1
223	923	1
235	923	1
258	923	1
275	923	1
334	923	1
422	923	1
423	923	1
449	923	1
518	923	1
521	923	1
535	923	1
864	923	1
912	923	1
913	923	1
914	923	1
917	923	1
918	923	1
919	923	1
921	923	1
922	923	1
924	923	1
925	923	1
926	923	1
927	923	1
928	923	1
932	923	1
933	923	1
934	923	1
935	923	1
936	923	1
937	923	1
938	923	1
939	923	1
940	923	1
941	923	1
942	923	1
943	923	1
944	923	1
949	923	1
953	923	1
954	923	1
955	923	1
960	923	1
964	923	1
966	923	1
967	923	1
977	923	1
1060	923	1
1073	923	1
1101	923	1
1235	923	1
1241	923	1
1242	923	1
1243	923	1
1245	923	1
1254	923	1
1261	923	1
1273	923	1
1305	923	1
1321	923	1
1443	923	1
1503	923	1
1537	923	1
1540	923	1
1624	923	1
1659	923	1
1671	923	1
28	924	1
29	924	1
41	924	1
42	924	1
45	924	1
46	924	1
68	924	1
69	924	1
91	924	1
112	924	1
113	924	1
167	924	1
175	924	1
176	924	1
178	924	1
179	924	1
180	924	1
181	924	1
182	924	1
183	924	1
184	924	1
185	924	1
186	924	1
187	924	1
189	924	1
190	924	1
191	924	1
192	924	1
195	924	1
198	924	1
199	924	1
204	924	1
205	924	1
206	924	1
207	924	1
210	924	1
213	924	1
223	924	1
235	924	1
258	924	1
275	924	1
288	924	1
334	924	1
422	924	1
423	924	1
449	924	1
518	924	1
521	924	1
535	924	1
864	924	1
912	924	1
913	924	1
914	924	1
917	924	1
918	924	1
919	924	1
921	924	1
922	924	1
923	924	1
925	924	1
926	924	1
927	924	1
928	924	1
932	924	1
933	924	1
934	924	1
935	924	1
936	924	1
937	924	1
938	924	1
939	924	1
940	924	1
941	924	1
942	924	1
943	924	1
944	924	1
949	924	1
953	924	1
954	924	1
955	924	1
960	924	1
964	924	1
966	924	1
967	924	1
977	924	1
1060	924	1
1073	924	1
1101	924	1
1157	924	1
1235	924	1
1241	924	1
1242	924	1
1243	924	1
1245	924	1
1254	924	1
1261	924	1
1273	924	1
1305	924	1
1321	924	1
1443	924	1
1503	924	1
1537	924	1
1540	924	1
1624	924	1
1659	924	1
1671	924	1
29	925	1
68	925	1
91	925	1
112	925	1
175	925	1
176	925	1
177	925	1
180	925	1
183	925	1
186	925	1
190	925	1
191	925	1
192	925	1
195	925	1
199	925	1
204	925	1
205	925	1
206	925	1
207	925	1
223	925	1
275	925	1
288	925	1
334	925	1
449	925	1
518	925	1
918	925	1
923	925	1
924	925	1
932	925	1
933	925	1
936	925	1
937	925	1
949	925	1
967	925	1
1101	925	1
1157	925	1
1241	925	1
1243	925	1
1245	925	1
1321	925	1
1443	925	1
1503	925	1
29	926	1
68	926	1
91	926	1
112	926	1
175	926	1
176	926	1
177	926	1
180	926	1
183	926	1
186	926	1
190	926	1
191	926	1
192	926	1
195	926	1
199	926	1
204	926	1
205	926	1
206	926	1
207	926	1
223	926	1
275	926	1
288	926	1
334	926	1
449	926	1
518	926	1
918	926	1
923	926	1
924	926	1
932	926	1
933	926	1
936	926	1
937	926	1
949	926	1
967	926	1
1101	926	1
1157	926	1
1241	926	1
1243	926	1
1245	926	1
1321	926	1
1443	926	1
1503	926	1
29	927	1
68	927	1
91	927	1
112	927	1
175	927	1
176	927	1
177	927	1
180	927	1
183	927	1
186	927	1
190	927	1
191	927	1
192	927	1
195	927	1
199	927	1
204	927	1
205	927	1
206	927	1
207	927	1
223	927	1
275	927	1
288	927	1
334	927	1
449	927	1
518	927	1
918	927	1
923	927	1
924	927	1
932	927	1
933	927	1
936	927	1
937	927	1
949	927	1
967	927	1
1101	927	1
1157	927	1
1241	927	1
1243	927	1
1245	927	1
1321	927	1
1443	927	1
1503	927	1
29	928	1
68	928	1
91	928	1
112	928	1
175	928	1
176	928	1
177	928	1
180	928	1
183	928	1
186	928	1
190	928	1
191	928	1
192	928	1
195	928	1
199	928	1
204	928	1
205	928	1
206	928	1
207	928	1
223	928	1
275	928	1
334	928	1
449	928	1
518	928	1
918	928	1
923	928	1
924	928	1
932	928	1
933	928	1
936	928	1
937	928	1
949	928	1
967	928	1
1101	928	1
1241	928	1
1243	928	1
1245	928	1
1321	928	1
1443	928	1
1503	928	1
433	929	1
930	929	1
2084	929	1
2167	929	1
929	930	1
909	931	1
1457	931	1
2084	931	1
2361	931	1
28	932	1
29	932	1
41	932	1
42	932	1
45	932	1
46	932	1
68	932	1
69	932	1
91	932	1
112	932	1
113	932	1
167	932	1
175	932	1
176	932	1
177	932	1
178	932	1
179	932	1
180	932	1
181	932	1
182	932	1
183	932	1
184	932	1
185	932	1
186	932	1
187	932	1
189	932	1
190	932	1
191	932	1
192	932	1
195	932	1
198	932	1
199	932	1
204	932	1
205	932	1
206	932	1
207	932	1
210	932	1
213	932	1
223	932	1
235	932	1
258	932	1
275	932	1
334	932	1
422	932	1
423	932	1
449	932	1
518	932	1
521	932	1
535	932	1
864	932	1
912	932	1
913	932	1
914	932	1
917	932	1
918	932	1
919	932	1
921	932	1
922	932	1
923	932	1
924	932	1
925	932	1
926	932	1
927	932	1
928	932	1
933	932	1
934	932	1
935	932	1
937	932	1
938	932	1
939	932	1
940	932	1
941	932	1
942	932	1
943	932	1
944	932	1
949	932	1
953	932	1
954	932	1
955	932	1
960	932	1
964	932	1
966	932	1
967	932	1
977	932	1
1060	932	1
1073	932	1
1101	932	1
1235	932	1
1241	932	1
1242	932	1
1243	932	1
1245	932	1
1254	932	1
1261	932	1
1273	932	1
1305	932	1
1321	932	1
1443	932	1
1503	932	1
1537	932	1
1540	932	1
1624	932	1
1659	932	1
1671	932	1
28	933	1
29	933	1
41	933	1
42	933	1
45	933	1
46	933	1
68	933	1
69	933	1
80	933	1
91	933	1
112	933	1
113	933	1
167	933	1
175	933	1
176	933	1
177	933	1
178	933	1
179	933	1
180	933	1
181	933	1
182	933	1
183	933	1
184	933	1
185	933	1
186	933	1
187	933	1
189	933	1
190	933	1
191	933	1
192	933	1
195	933	1
198	933	1
199	933	1
204	933	1
205	933	1
206	933	1
207	933	1
210	933	1
213	933	1
223	933	1
235	933	1
258	933	1
275	933	1
334	933	1
422	933	1
423	933	1
449	933	1
518	933	1
521	933	1
522	933	1
535	933	1
864	933	1
912	933	1
913	933	1
914	933	1
917	933	1
918	933	1
919	933	1
921	933	1
922	933	1
923	933	1
924	933	1
925	933	1
926	933	1
927	933	1
928	933	1
932	933	1
934	933	1
935	933	1
936	933	1
937	933	1
938	933	1
939	933	1
940	933	1
941	933	1
942	933	1
943	933	1
944	933	1
949	933	1
953	933	1
954	933	1
955	933	1
958	933	1
959	933	1
960	933	1
963	933	1
964	933	1
966	933	1
967	933	1
977	933	1
1060	933	1
1073	933	1
1101	933	1
1104	933	1
1114	933	1
1121	933	1
1122	933	1
1235	933	1
1241	933	1
1242	933	1
1243	933	1
1245	933	1
1254	933	1
1261	933	1
1273	933	1
1305	933	1
1321	933	1
1443	933	1
1503	933	1
1537	933	1
1540	933	1
1624	933	1
1659	933	1
1671	933	1
29	934	1
68	934	1
91	934	1
112	934	1
175	934	1
176	934	1
177	934	1
180	934	1
183	934	1
186	934	1
190	934	1
191	934	1
192	934	1
195	934	1
199	934	1
204	934	1
205	934	1
206	934	1
207	934	1
223	934	1
275	934	1
334	934	1
449	934	1
518	934	1
918	934	1
923	934	1
924	934	1
932	934	1
933	934	1
936	934	1
937	934	1
943	934	1
949	934	1
967	934	1
1101	934	1
1241	934	1
1243	934	1
1245	934	1
1321	934	1
1443	934	1
1503	934	1
29	935	1
68	935	1
91	935	1
112	935	1
175	935	1
176	935	1
177	935	1
180	935	1
183	935	1
186	935	1
190	935	1
191	935	1
192	935	1
195	935	1
199	935	1
204	935	1
205	935	1
206	935	1
207	935	1
223	935	1
275	935	1
334	935	1
449	935	1
518	935	1
918	935	1
923	935	1
924	935	1
932	935	1
933	935	1
936	935	1
937	935	1
949	935	1
967	935	1
1101	935	1
1241	935	1
1243	935	1
1245	935	1
1321	935	1
1443	935	1
1503	935	1
28	936	1
29	936	1
41	936	1
42	936	1
45	936	1
46	936	1
68	936	1
69	936	1
91	936	1
112	936	1
113	936	1
167	936	1
175	936	1
176	936	1
177	936	1
178	936	1
179	936	1
180	936	1
181	936	1
182	936	1
183	936	1
184	936	1
185	936	1
186	936	1
187	936	1
189	936	1
190	936	1
191	936	1
192	936	1
195	936	1
198	936	1
199	936	1
204	936	1
205	936	1
206	936	1
207	936	1
210	936	1
213	936	1
223	936	1
235	936	1
258	936	1
275	936	1
334	936	1
422	936	1
423	936	1
449	936	1
518	936	1
521	936	1
535	936	1
864	936	1
912	936	1
913	936	1
914	936	1
917	936	1
918	936	1
919	936	1
921	936	1
922	936	1
923	936	1
924	936	1
925	936	1
926	936	1
927	936	1
928	936	1
933	936	1
934	936	1
935	936	1
937	936	1
938	936	1
939	936	1
940	936	1
941	936	1
942	936	1
943	936	1
944	936	1
949	936	1
953	936	1
954	936	1
955	936	1
960	936	1
964	936	1
966	936	1
967	936	1
977	936	1
1060	936	1
1073	936	1
1101	936	1
1235	936	1
1241	936	1
1242	936	1
1243	936	1
1245	936	1
1254	936	1
1261	936	1
1273	936	1
1305	936	1
1321	936	1
1443	936	1
1503	936	1
1537	936	1
1540	936	1
1624	936	1
1659	936	1
1671	936	1
28	937	1
29	937	1
41	937	1
42	937	1
45	937	1
46	937	1
68	937	1
69	937	1
91	937	1
112	937	1
113	937	1
167	937	1
175	937	1
176	937	1
177	937	1
178	937	1
179	937	1
180	937	1
181	937	1
182	937	1
183	937	1
184	937	1
185	937	1
187	937	1
189	937	1
190	937	1
191	937	1
192	937	1
195	937	1
198	937	1
199	937	1
204	937	1
205	937	1
206	937	1
207	937	1
210	937	1
213	937	1
223	937	1
235	937	1
258	937	1
275	937	1
334	937	1
422	937	1
423	937	1
449	937	1
518	937	1
521	937	1
535	937	1
864	937	1
912	937	1
913	937	1
914	937	1
917	937	1
918	937	1
919	937	1
921	937	1
922	937	1
923	937	1
924	937	1
925	937	1
926	937	1
927	937	1
928	937	1
932	937	1
933	937	1
934	937	1
935	937	1
936	937	1
938	937	1
939	937	1
940	937	1
941	937	1
942	937	1
943	937	1
944	937	1
949	937	1
953	937	1
954	937	1
955	937	1
960	937	1
964	937	1
966	937	1
967	937	1
977	937	1
1060	937	1
1073	937	1
1101	937	1
1235	937	1
1241	937	1
1242	937	1
1243	937	1
1245	937	1
1254	937	1
1261	937	1
1273	937	1
1305	937	1
1321	937	1
1443	937	1
1503	937	1
1537	937	1
1540	937	1
1624	937	1
1659	937	1
1671	937	1
29	938	1
68	938	1
91	938	1
112	938	1
175	938	1
176	938	1
177	938	1
180	938	1
183	938	1
186	938	1
190	938	1
191	938	1
192	938	1
195	938	1
199	938	1
204	938	1
205	938	1
206	938	1
207	938	1
223	938	1
275	938	1
288	938	1
334	938	1
449	938	1
518	938	1
918	938	1
923	938	1
924	938	1
932	938	1
933	938	1
936	938	1
937	938	1
949	938	1
967	938	1
1101	938	1
1157	938	1
1241	938	1
1243	938	1
1245	938	1
1321	938	1
1443	938	1
1503	938	1
29	939	1
68	939	1
91	939	1
112	939	1
175	939	1
176	939	1
177	939	1
180	939	1
183	939	1
186	939	1
190	939	1
191	939	1
192	939	1
195	939	1
199	939	1
204	939	1
205	939	1
206	939	1
207	939	1
223	939	1
275	939	1
334	939	1
449	939	1
518	939	1
918	939	1
923	939	1
924	939	1
932	939	1
933	939	1
936	939	1
937	939	1
949	939	1
967	939	1
1101	939	1
1241	939	1
1243	939	1
1245	939	1
1321	939	1
1443	939	1
1503	939	1
29	940	1
68	940	1
91	940	1
112	940	1
175	940	1
176	940	1
177	940	1
180	940	1
183	940	1
186	940	1
190	940	1
191	940	1
192	940	1
195	940	1
199	940	1
204	940	1
205	940	1
206	940	1
207	940	1
223	940	1
275	940	1
288	940	1
334	940	1
449	940	1
518	940	1
918	940	1
923	940	1
924	940	1
932	940	1
933	940	1
936	940	1
937	940	1
949	940	1
967	940	1
1101	940	1
1157	940	1
1241	940	1
1243	940	1
1245	940	1
1321	940	1
1443	940	1
1503	940	1
29	941	1
68	941	1
91	941	1
112	941	1
175	941	1
176	941	1
177	941	1
180	941	1
183	941	1
186	941	1
190	941	1
191	941	1
192	941	1
195	941	1
199	941	1
204	941	1
205	941	1
206	941	1
207	941	1
223	941	1
275	941	1
334	941	1
449	941	1
518	941	1
918	941	1
923	941	1
924	941	1
932	941	1
933	941	1
936	941	1
937	941	1
949	941	1
967	941	1
1101	941	1
1241	941	1
1243	941	1
1245	941	1
1321	941	1
1443	941	1
1503	941	1
29	942	1
68	942	1
91	942	1
112	942	1
175	942	1
176	942	1
177	942	1
180	942	1
183	942	1
186	942	1
190	942	1
191	942	1
192	942	1
195	942	1
199	942	1
204	942	1
205	942	1
206	942	1
207	942	1
223	942	1
275	942	1
334	942	1
449	942	1
518	942	1
918	942	1
923	942	1
924	942	1
932	942	1
933	942	1
936	942	1
937	942	1
949	942	1
967	942	1
1101	942	1
1241	942	1
1243	942	1
1245	942	1
1321	942	1
1443	942	1
1503	942	1
29	943	1
68	943	1
91	943	1
112	943	1
175	943	1
176	943	1
177	943	1
180	943	1
183	943	1
186	943	1
190	943	1
191	943	1
192	943	1
195	943	1
199	943	1
204	943	1
205	943	1
206	943	1
207	943	1
223	943	1
275	943	1
334	943	1
449	943	1
518	943	1
913	943	1
918	943	1
923	943	1
924	943	1
932	943	1
933	943	1
934	943	1
936	943	1
937	943	1
949	943	1
967	943	1
1101	943	1
1241	943	1
1243	943	1
1245	943	1
1321	943	1
1443	943	1
1503	943	1
29	944	1
68	944	1
91	944	1
112	944	1
175	944	1
176	944	1
177	944	1
180	944	1
183	944	1
186	944	1
190	944	1
191	944	1
192	944	1
195	944	1
199	944	1
204	944	1
205	944	1
206	944	1
207	944	1
223	944	1
275	944	1
334	944	1
449	944	1
518	944	1
918	944	1
923	944	1
924	944	1
932	944	1
933	944	1
936	944	1
937	944	1
949	944	1
967	944	1
1101	944	1
1241	944	1
1243	944	1
1245	944	1
1321	944	1
1443	944	1
1503	944	1
946	945	1
1578	945	1
1720	945	1
1776	945	1
1780	945	1
945	946	1
1578	946	1
1720	946	1
1776	946	1
1780	946	1
948	947	1
347	948	1
947	948	1
1039	948	1
2084	948	1
28	949	1
29	949	1
41	949	1
42	949	1
45	949	1
46	949	1
68	949	1
69	949	1
91	949	1
112	949	1
113	949	1
167	949	1
175	949	1
176	949	1
177	949	1
178	949	1
179	949	1
180	949	1
181	949	1
182	949	1
183	949	1
184	949	1
185	949	1
186	949	1
187	949	1
189	949	1
190	949	1
191	949	1
192	949	1
195	949	1
198	949	1
199	949	1
204	949	1
205	949	1
206	949	1
207	949	1
210	949	1
213	949	1
223	949	1
235	949	1
258	949	1
275	949	1
288	949	1
334	949	1
422	949	1
423	949	1
449	949	1
521	949	1
535	949	1
864	949	1
912	949	1
913	949	1
914	949	1
917	949	1
918	949	1
919	949	1
921	949	1
922	949	1
923	949	1
924	949	1
925	949	1
926	949	1
927	949	1
928	949	1
932	949	1
933	949	1
934	949	1
935	949	1
936	949	1
937	949	1
938	949	1
939	949	1
940	949	1
941	949	1
942	949	1
943	949	1
944	949	1
953	949	1
954	949	1
955	949	1
960	949	1
964	949	1
966	949	1
967	949	1
977	949	1
1060	949	1
1073	949	1
1101	949	1
1157	949	1
1235	949	1
1241	949	1
1242	949	1
1243	949	1
1245	949	1
1254	949	1
1261	949	1
1273	949	1
1305	949	1
1321	949	1
1443	949	1
1503	949	1
1537	949	1
1540	949	1
1624	949	1
1659	949	1
1671	949	1
1685	949	1
1686	949	1
897	950	1
239	951	1
341	951	1
952	951	1
951	952	1
1682	952	1
29	953	1
65	953	1
68	953	1
91	953	1
112	953	1
175	953	1
176	953	1
177	953	1
180	953	1
183	953	1
186	953	1
190	953	1
191	953	1
192	953	1
195	953	1
199	953	1
204	953	1
205	953	1
206	953	1
207	953	1
223	953	1
275	953	1
288	953	1
334	953	1
449	953	1
518	953	1
918	953	1
923	953	1
924	953	1
932	953	1
933	953	1
936	953	1
937	953	1
949	953	1
967	953	1
1101	953	1
1157	953	1
1241	953	1
1243	953	1
1245	953	1
1321	953	1
1443	953	1
1503	953	1
29	954	1
65	954	1
68	954	1
91	954	1
112	954	1
175	954	1
176	954	1
177	954	1
180	954	1
183	954	1
186	954	1
190	954	1
191	954	1
192	954	1
195	954	1
199	954	1
204	954	1
205	954	1
206	954	1
207	954	1
223	954	1
275	954	1
288	954	1
334	954	1
449	954	1
518	954	1
918	954	1
923	954	1
924	954	1
932	954	1
933	954	1
936	954	1
937	954	1
949	954	1
967	954	1
1101	954	1
1157	954	1
1241	954	1
1243	954	1
1245	954	1
1321	954	1
1443	954	1
1503	954	1
29	955	1
65	955	1
68	955	1
91	955	1
112	955	1
175	955	1
176	955	1
177	955	1
180	955	1
183	955	1
186	955	1
190	955	1
191	955	1
192	955	1
195	955	1
199	955	1
204	955	1
205	955	1
206	955	1
207	955	1
223	955	1
275	955	1
288	955	1
334	955	1
449	955	1
518	955	1
918	955	1
923	955	1
924	955	1
932	955	1
933	955	1
936	955	1
937	955	1
949	955	1
967	955	1
1101	955	1
1157	955	1
1241	955	1
1243	955	1
1245	955	1
1321	955	1
1443	955	1
1503	955	1
365	956	1
503	956	1
796	956	1
957	956	1
1160	956	1
1334	956	1
1401	956	1
956	957	1
29	958	1
176	958	1
192	958	1
199	958	1
206	958	1
223	958	1
933	958	1
1101	958	1
1245	958	1
1321	958	1
29	959	1
176	959	1
192	959	1
199	959	1
206	959	1
223	959	1
933	959	1
1101	959	1
1245	959	1
1321	959	1
29	960	1
65	960	1
68	960	1
91	960	1
112	960	1
175	960	1
176	960	1
177	960	1
180	960	1
183	960	1
186	960	1
190	960	1
191	960	1
192	960	1
195	960	1
199	960	1
204	960	1
205	960	1
206	960	1
207	960	1
223	960	1
275	960	1
518	960	1
629	960	1
918	960	1
923	960	1
924	960	1
932	960	1
933	960	1
936	960	1
937	960	1
949	960	1
967	960	1
1101	960	1
1387	960	1
962	961	1
2192	961	1
144	962	1
273	962	1
629	962	1
645	962	1
761	962	1
961	962	1
1047	962	1
1101	962	1
1563	962	1
1675	962	1
1695	962	1
1696	962	1
1735	962	1
1782	962	1
29	963	1
176	963	1
192	963	1
199	963	1
206	963	1
223	963	1
933	963	1
1101	963	1
1245	963	1
1321	963	1
29	964	1
65	964	1
68	964	1
91	964	1
112	964	1
175	964	1
176	964	1
177	964	1
180	964	1
183	964	1
186	964	1
190	964	1
191	964	1
192	964	1
195	964	1
199	964	1
204	964	1
205	964	1
206	964	1
207	964	1
223	964	1
275	964	1
518	964	1
629	964	1
918	964	1
923	964	1
924	964	1
932	964	1
933	964	1
936	964	1
937	964	1
949	964	1
967	964	1
1101	964	1
15	965	1
29	966	1
65	966	1
68	966	1
91	966	1
112	966	1
175	966	1
176	966	1
177	966	1
180	966	1
183	966	1
186	966	1
190	966	1
191	966	1
192	966	1
195	966	1
199	966	1
204	966	1
205	966	1
206	966	1
207	966	1
223	966	1
275	966	1
518	966	1
629	966	1
918	966	1
923	966	1
924	966	1
932	966	1
933	966	1
936	966	1
937	966	1
949	966	1
967	966	1
1101	966	1
1387	966	1
28	967	1
29	967	1
41	967	1
42	967	1
45	967	1
46	967	1
68	967	1
69	967	1
91	967	1
112	967	1
113	967	1
175	967	1
176	967	1
177	967	1
178	967	1
179	967	1
180	967	1
181	967	1
182	967	1
183	967	1
184	967	1
185	967	1
186	967	1
187	967	1
189	967	1
190	967	1
191	967	1
192	967	1
195	967	1
198	967	1
199	967	1
205	967	1
206	967	1
207	967	1
210	967	1
213	967	1
223	967	1
235	967	1
258	967	1
275	967	1
422	967	1
423	967	1
518	967	1
521	967	1
535	967	1
864	967	1
912	967	1
913	967	1
914	967	1
917	967	1
918	967	1
919	967	1
921	967	1
922	967	1
923	967	1
924	967	1
925	967	1
926	967	1
927	967	1
928	967	1
932	967	1
933	967	1
934	967	1
935	967	1
936	967	1
937	967	1
938	967	1
939	967	1
940	967	1
941	967	1
942	967	1
943	967	1
944	967	1
949	967	1
953	967	1
954	967	1
955	967	1
960	967	1
964	967	1
966	967	1
977	967	1
1060	967	1
1073	967	1
1101	967	1
1235	967	1
1242	967	1
1254	967	1
1261	967	1
1273	967	1
1305	967	1
1537	967	1
1540	967	1
1624	967	1
30	968	1
318	968	1
321	968	1
174	969	1
970	969	1
890	970	1
891	970	1
969	970	1
1709	970	1
27	971	1
906	972	1
986	972	1
805	973	1
909	973	1
30	974	1
321	974	1
1010	974	1
1420	974	1
1441	974	1
1665	974	1
9	975	1
10	975	1
21	975	1
144	975	1
218	975	1
1038	975	1
1154	975	1
1155	975	1
1192	975	1
1194	975	1
1195	975	1
1222	975	1
1227	975	1
1472	975	1
1831	975	1
1836	975	1
1883	975	1
1917	975	1
1948	975	1
2054	975	1
8	976	1
93	976	1
94	976	1
216	976	1
435	976	1
889	976	1
908	976	1
1338	976	1
1340	976	1
1539	976	1
29	977	1
65	977	1
68	977	1
91	977	1
112	977	1
175	977	1
176	977	1
177	977	1
180	977	1
183	977	1
186	977	1
190	977	1
191	977	1
192	977	1
195	977	1
199	977	1
204	977	1
205	977	1
206	977	1
207	977	1
223	977	1
275	977	1
518	977	1
629	977	1
918	977	1
923	977	1
924	977	1
932	977	1
933	977	1
936	977	1
937	977	1
949	977	1
967	977	1
1101	977	1
1387	977	1
369	978	1
400	978	1
979	978	1
1013	978	1
1026	978	1
1028	978	1
1071	978	1
1194	978	1
1240	978	1
1529	978	1
1530	978	1
1761	978	1
1895	978	1
1922	978	1
65	979	1
369	979	1
400	979	1
978	979	1
1013	979	1
1026	979	1
1028	979	1
1071	979	1
1194	979	1
1240	979	1
1529	979	1
1530	979	1
1761	979	1
1895	979	1
1922	979	1
8	980	1
982	981	1
981	982	1
1074	982	1
1100	982	1
1209	982	1
1451	982	1
1736	982	1
1842	982	1
984	983	1
114	984	1
566	984	1
983	984	1
29	985	1
198	985	1
629	985	1
1647	985	1
1768	985	1
972	986	1
174	987	1
1394	987	1
122	988	1
851	988	1
992	988	1
1559	988	1
1560	988	1
1575	988	1
1586	988	1
1621	988	1
1643	988	1
1644	988	1
433	989	1
990	989	1
1035	989	1
1214	989	1
989	990	1
1035	990	1
1214	990	1
193	991	1
194	991	1
217	991	1
224	991	1
227	991	1
259	991	1
272	991	1
424	991	1
601	991	1
605	991	1
1136	991	1
1148	991	1
1150	991	1
851	992	1
988	992	1
1560	992	1
1575	992	1
1643	992	1
211	993	1
212	993	1
221	993	1
222	993	1
1011	993	1
1012	993	1
1016	993	1
1027	993	1
1030	993	1
1161	993	1
1533	993	1
1889	993	1
215	994	1
1264	994	1
1297	994	1
277	995	1
278	995	1
301	995	1
996	995	1
1102	995	1
1704	995	1
1764	995	1
1925	995	1
277	996	1
278	996	1
301	996	1
995	996	1
1044	996	1
1102	996	1
1425	996	1
1704	996	1
1764	996	1
1879	996	1
1949	996	1
1983	996	1
1984	996	1
2019	996	1
2037	996	1
259	997	1
998	997	1
1900	997	1
1908	997	1
217	998	1
224	998	1
227	998	1
259	998	1
272	998	1
997	998	1
999	998	1
1001	998	1
1003	998	1
1017	998	1
1031	998	1
1148	998	1
1150	998	1
1908	998	1
259	999	1
998	999	1
1900	999	1
1908	999	1
174	1000	1
1055	1000	1
259	1001	1
998	1001	1
1900	1001	1
1908	1001	1
712	1002	1
259	1003	1
998	1003	1
1900	1003	1
1908	1003	1
321	1004	1
1005	1004	1
1142	1004	1
1263	1004	1
1541	1004	1
1581	1004	1
1829	1004	1
303	1005	1
1004	1005	1
1159	1005	1
1373	1005	1
1633	1005	1
1634	1005	1
1865	1005	1
892	1006	1
905	1006	1
1007	1006	1
1871	1006	1
31	1007	1
174	1007	1
703	1007	1
1006	1007	1
1036	1007	1
1048	1007	1
1053	1007	1
1463	1007	1
321	1008	1
785	1008	1
875	1008	1
1009	1008	1
1117	1008	1
1118	1008	1
1947	1008	1
2065	1008	1
318	1009	1
321	1009	1
785	1009	1
875	1009	1
1008	1009	1
1117	1009	1
1118	1009	1
1947	1009	1
2065	1009	1
30	1010	1
905	1010	1
974	1010	1
1064	1010	1
1123	1010	1
1344	1010	1
211	1011	1
212	1011	1
221	1011	1
222	1011	1
993	1011	1
1012	1011	1
1016	1011	1
1027	1011	1
1030	1011	1
1533	1011	1
7	1012	1
8	1012	1
116	1012	1
211	1012	1
212	1012	1
221	1012	1
222	1012	1
244	1012	1
269	1012	1
307	1012	1
311	1012	1
993	1012	1
1011	1012	1
1276	1012	1
1440	1012	1
1533	1012	1
400	1013	1
470	1013	1
978	1013	1
979	1013	1
1026	1013	1
1028	1013	1
1071	1013	1
1761	1013	1
1942	1013	1
1968	1013	1
1015	1014	1
1014	1015	1
1037	1015	1
7	1016	1
8	1016	1
211	1016	1
212	1016	1
221	1016	1
222	1016	1
244	1016	1
269	1016	1
307	1016	1
311	1016	1
993	1016	1
1011	1016	1
1225	1016	1
1276	1016	1
1440	1016	1
1533	1016	1
217	1017	1
224	1017	1
227	1017	1
259	1017	1
272	1017	1
998	1017	1
1148	1017	1
1150	1017	1
1908	1017	1
325	1018	1
448	1018	1
516	1018	1
1019	1018	1
1182	1018	1
1193	1018	1
1202	1018	1
1215	1018	1
1249	1018	1
1406	1018	1
325	1019	1
448	1019	1
516	1019	1
1018	1019	1
1182	1019	1
1193	1019	1
1202	1019	1
1215	1019	1
1249	1019	1
1406	1019	1
1021	1020	1
1620	1020	1
433	1021	1
1020	1021	1
431	1022	1
470	1022	1
500	1022	1
1023	1022	1
1322	1022	1
1942	1022	1
1968	1022	1
431	1023	1
470	1023	1
500	1023	1
1022	1023	1
1322	1023	1
1942	1023	1
1968	1023	1
909	1024	1
85	1025	1
899	1025	1
246	1026	1
400	1026	1
978	1026	1
979	1026	1
1013	1026	1
1071	1026	1
1194	1026	1
1761	1026	1
7	1027	1
8	1027	1
211	1027	1
212	1027	1
221	1027	1
222	1027	1
244	1027	1
269	1027	1
307	1027	1
311	1027	1
993	1027	1
1011	1027	1
1276	1027	1
1440	1027	1
1533	1027	1
246	1028	1
400	1028	1
978	1028	1
979	1028	1
1013	1028	1
1071	1028	1
1194	1028	1
1761	1028	1
321	1029	1
7	1030	1
8	1030	1
211	1030	1
212	1030	1
221	1030	1
222	1030	1
244	1030	1
269	1030	1
307	1030	1
311	1030	1
993	1030	1
1011	1030	1
1276	1030	1
1440	1030	1
1533	1030	1
217	1031	1
224	1031	1
227	1031	1
259	1031	1
272	1031	1
998	1031	1
1148	1031	1
1150	1031	1
1908	1031	1
113	1032	1
422	1032	1
1033	1032	1
1203	1032	1
1254	1032	1
1261	1032	1
1273	1032	1
1305	1032	1
113	1033	1
422	1033	1
1032	1033	1
1203	1033	1
1254	1033	1
1261	1033	1
1273	1033	1
1305	1033	1
1603	1033	1
2146	1033	1
246	1034	1
254	1034	1
255	1034	1
400	1034	1
448	1034	1
482	1034	1
516	1034	1
1051	1034	1
1067	1034	1
1126	1034	1
1154	1034	1
1155	1034	1
1166	1034	1
1167	1034	1
1175	1034	1
1193	1034	1
1202	1034	1
1215	1034	1
1249	1034	1
1256	1034	1
1264	1034	1
1265	1034	1
1297	1034	1
1442	1034	1
1454	1034	1
1483	1034	1
1543	1034	1
1610	1034	1
1623	1034	1
1681	1034	1
1808	1034	1
1910	1034	1
1912	1034	1
1915	1034	1
174	1035	1
989	1035	1
990	1035	1
1082	1035	1
1214	1035	1
1350	1035	1
1658	1035	1
1850	1035	1
8	1036	1
174	1036	1
725	1036	1
1007	1036	1
1186	1036	1
1572	1036	1
1635	1036	1
273	1037	1
300	1037	1
485	1037	1
1015	1037	1
1423	1037	1
1438	1037	1
1464	1037	1
9	1038	1
10	1038	1
21	1038	1
218	1038	1
305	1038	1
975	1038	1
1147	1038	1
1390	1038	1
1537	1038	1
1540	1038	1
1544	1038	1
1547	1038	1
1584	1038	1
1624	1038	1
1782	1038	1
436	1039	1
948	1039	1
909	1040	1
246	1041	1
567	1041	1
1042	1041	1
1057	1041	1
1194	1041	1
1255	1041	1
1588	1041	1
1653	1041	1
1890	1041	1
1951	1041	1
246	1042	1
567	1042	1
892	1042	1
1041	1042	1
1043	1042	1
1050	1042	1
1057	1042	1
1156	1042	1
1163	1042	1
1194	1042	1
1255	1042	1
1445	1042	1
1467	1042	1
1497	1042	1
1543	1042	1
1588	1042	1
1610	1042	1
1623	1042	1
1653	1042	1
1692	1042	1
2032	1042	1
2038	1042	1
2058	1042	1
2072	1042	1
246	1043	1
567	1043	1
1042	1043	1
1057	1043	1
1194	1043	1
1255	1043	1
1588	1043	1
1653	1043	1
1890	1043	1
1951	1043	1
318	1044	1
321	1044	1
996	1044	1
1980	1044	1
1981	1044	1
1983	1044	1
2019	1044	1
2037	1044	1
174	1045	1
1046	1045	1
1172	1045	1
1045	1046	1
1532	1046	1
1877	1046	1
962	1047	1
1007	1048	1
1049	1048	1
77	1049	1
364	1049	1
1048	1049	1
1275	1049	1
1615	1049	1
246	1050	1
567	1050	1
1042	1050	1
1057	1050	1
1194	1050	1
1255	1050	1
1588	1050	1
1653	1050	1
1890	1050	1
1951	1050	1
246	1051	1
254	1051	1
255	1051	1
400	1051	1
448	1051	1
516	1051	1
562	1051	1
681	1051	1
920	1051	1
1034	1051	1
1067	1051	1
1126	1051	1
1154	1051	1
1155	1051	1
1249	1051	1
1264	1051	1
1265	1051	1
1297	1051	1
1427	1051	1
1454	1051	1
1460	1051	1
1483	1051	1
1493	1051	1
1583	1051	1
1657	1051	1
1705	1051	1
1717	1051	1
318	1052	1
321	1052	1
905	1052	1
1697	1052	1
30	1053	1
160	1053	1
320	1053	1
573	1053	1
815	1053	1
905	1053	1
1007	1053	1
1055	1054	1
1000	1055	1
1054	1055	1
1196	1055	1
1296	1055	1
1458	1055	1
229	1056	1
458	1056	1
889	1056	1
1105	1056	1
1131	1056	1
1153	1056	1
1483	1056	1
1484	1056	1
1797	1056	1
246	1057	1
629	1057	1
892	1057	1
1041	1057	1
1042	1057	1
1043	1057	1
1050	1057	1
1156	1057	1
1163	1057	1
1194	1057	1
1219	1057	1
1255	1057	1
1588	1057	1
105	1058	1
106	1058	1
284	1058	1
285	1058	1
319	1058	1
329	1058	1
331	1058	1
343	1058	1
344	1058	1
1059	1058	1
1065	1058	1
1066	1058	1
1099	1058	1
1144	1058	1
1672	1058	1
105	1059	1
106	1059	1
284	1059	1
285	1059	1
319	1059	1
329	1059	1
331	1059	1
343	1059	1
344	1059	1
1058	1059	1
1065	1059	1
1066	1059	1
1099	1059	1
1144	1059	1
1672	1059	1
68	1060	1
91	1060	1
112	1060	1
175	1060	1
176	1060	1
177	1060	1
180	1060	1
183	1060	1
186	1060	1
190	1060	1
191	1060	1
192	1060	1
195	1060	1
204	1060	1
205	1060	1
206	1060	1
207	1060	1
223	1060	1
275	1060	1
518	1060	1
863	1060	1
918	1060	1
923	1060	1
924	1060	1
932	1060	1
933	1060	1
936	1060	1
937	1060	1
949	1060	1
967	1060	1
1101	1060	1
417	1061	1
418	1061	1
443	1061	1
457	1061	1
2073	1061	1
2100	1061	1
145	1062	1
681	1062	1
865	1062	1
1063	1062	1
1100	1062	1
1244	1062	1
1415	1062	1
1416	1062	1
1418	1062	1
1445	1062	1
1446	1062	1
1466	1062	1
1467	1062	1
1491	1062	1
1493	1062	1
1502	1062	1
1717	1062	1
145	1063	1
865	1063	1
1062	1063	1
1244	1063	1
1418	1063	1
1446	1063	1
321	1064	1
1010	1064	1
105	1065	1
284	1065	1
285	1065	1
319	1065	1
329	1065	1
331	1065	1
343	1065	1
344	1065	1
1058	1065	1
1059	1065	1
1066	1065	1
1099	1065	1
1144	1065	1
1672	1065	1
2175	1065	1
105	1066	1
284	1066	1
285	1066	1
319	1066	1
329	1066	1
331	1066	1
343	1066	1
344	1066	1
1058	1066	1
1059	1066	1
1065	1066	1
1099	1066	1
1144	1066	1
1672	1066	1
246	1067	1
254	1067	1
255	1067	1
400	1067	1
1034	1067	1
1051	1067	1
1126	1067	1
1154	1067	1
1155	1067	1
1264	1067	1
1265	1067	1
1297	1067	1
1454	1067	1
1583	1067	1
1657	1067	1
1705	1067	1
273	1068	1
274	1068	1
312	1068	1
1072	1068	1
1141	1068	1
1327	1068	1
1361	1068	1
304	1069	1
1070	1069	1
1069	1070	1
369	1071	1
400	1071	1
978	1071	1
979	1071	1
1013	1071	1
1026	1071	1
1028	1071	1
1529	1071	1
1530	1071	1
1761	1071	1
2284	1071	1
62	1072	1
63	1072	1
273	1072	1
274	1072	1
312	1072	1
1068	1072	1
1087	1072	1
1141	1072	1
1327	1072	1
1361	1072	1
1393	1072	1
1476	1072	1
1712	1072	1
1740	1072	1
68	1073	1
91	1073	1
112	1073	1
175	1073	1
176	1073	1
177	1073	1
180	1073	1
183	1073	1
186	1073	1
190	1073	1
191	1073	1
192	1073	1
195	1073	1
204	1073	1
205	1073	1
206	1073	1
207	1073	1
223	1073	1
275	1073	1
518	1073	1
863	1073	1
918	1073	1
923	1073	1
924	1073	1
932	1073	1
933	1073	1
936	1073	1
937	1073	1
949	1073	1
967	1073	1
1101	1073	1
982	1074	1
436	1075	1
318	1076	1
321	1076	1
233	1077	1
244	1077	1
832	1077	1
1538	1077	1
1733	1077	1
1079	1078	1
1350	1078	1
916	1079	1
1078	1079	1
1171	1079	1
1207	1079	1
1324	1079	1
321	1080	1
379	1080	1
1081	1080	1
1080	1081	1
6	1082	1
117	1082	1
239	1082	1
292	1082	1
313	1082	1
339	1082	1
350	1082	1
469	1082	1
496	1082	1
688	1082	1
731	1082	1
1035	1082	1
1110	1082	1
1124	1082	1
1301	1082	1
1309	1082	1
1447	1082	1
418	1083	1
1084	1083	1
1970	1083	1
418	1084	1
1083	1084	1
1093	1084	1
1097	1084	1
1098	1084	1
1970	1084	1
1996	1084	1
2012	1084	1
20	1085	1
562	1085	1
920	1085	1
1086	1085	1
1573	1085	1
1085	1086	1
1556	1086	1
431	1087	1
899	1087	1
1072	1087	1
1668	1087	1
1713	1087	1
1806	1087	1
1828	1087	1
1855	1087	1
1998	1087	1
430	1088	1
431	1088	1
1278	1088	1
30	1089	1
318	1089	1
321	1089	1
170	1090	1
171	1090	1
500	1090	1
1091	1090	1
1131	1090	1
1147	1090	1
1496	1090	1
1652	1090	1
1702	1090	1
1704	1090	1
1764	1090	1
1830	1090	1
1857	1090	1
1888	1090	1
537	1091	1
1090	1091	1
1260	1091	1
1292	1091	1
1302	1091	1
1316	1091	1
1496	1091	1
1704	1091	1
1764	1091	1
346	1092	1
380	1092	1
1746	1092	1
418	1093	1
1084	1093	1
1970	1093	1
321	1094	1
430	1094	1
431	1094	1
1278	1094	1
430	1095	1
431	1095	1
1278	1095	1
54	1096	1
600	1096	1
2270	1096	1
418	1097	1
1084	1097	1
1970	1097	1
418	1098	1
1084	1098	1
1970	1098	1
105	1099	1
284	1099	1
285	1099	1
319	1099	1
329	1099	1
331	1099	1
343	1099	1
344	1099	1
1058	1099	1
1059	1099	1
1065	1099	1
1066	1099	1
1144	1099	1
1672	1099	1
982	1100	1
1062	1100	1
1415	1100	1
1446	1100	1
1538	1100	1
1627	1100	1
28	1101	1
29	1101	1
41	1101	1
42	1101	1
45	1101	1
46	1101	1
68	1101	1
69	1101	1
80	1101	1
91	1101	1
112	1101	1
113	1101	1
156	1101	1
175	1101	1
176	1101	1
177	1101	1
178	1101	1
179	1101	1
180	1101	1
181	1101	1
182	1101	1
183	1101	1
184	1101	1
185	1101	1
186	1101	1
187	1101	1
189	1101	1
190	1101	1
191	1101	1
192	1101	1
195	1101	1
198	1101	1
199	1101	1
204	1101	1
205	1101	1
206	1101	1
207	1101	1
210	1101	1
213	1101	1
223	1101	1
235	1101	1
258	1101	1
273	1101	1
422	1101	1
423	1101	1
518	1101	1
521	1101	1
535	1101	1
749	1101	1
864	1101	1
912	1101	1
913	1101	1
914	1101	1
917	1101	1
923	1101	1
924	1101	1
925	1101	1
926	1101	1
927	1101	1
928	1101	1
932	1101	1
933	1101	1
934	1101	1
935	1101	1
936	1101	1
937	1101	1
938	1101	1
939	1101	1
940	1101	1
941	1101	1
942	1101	1
943	1101	1
944	1101	1
949	1101	1
953	1101	1
954	1101	1
955	1101	1
958	1101	1
959	1101	1
960	1101	1
962	1101	1
963	1101	1
964	1101	1
966	1101	1
967	1101	1
977	1101	1
1060	1101	1
1073	1101	1
1104	1101	1
1114	1101	1
1121	1101	1
1122	1101	1
1235	1101	1
1242	1101	1
1254	1101	1
1261	1101	1
1273	1101	1
1305	1101	1
1356	1101	1
1537	1101	1
1540	1101	1
1624	1101	1
1782	1101	1
1895	1101	1
1922	1101	1
2018	1101	1
2044	1101	1
277	1102	1
278	1102	1
301	1102	1
995	1102	1
996	1102	1
1704	1102	1
1764	1102	1
1906	1102	1
1956	1102	1
2031	1102	1
103	1103	1
104	1103	1
2	1104	1
29	1104	1
67	1104	1
99	1104	1
101	1104	1
131	1104	1
155	1104	1
156	1104	1
176	1104	1
192	1104	1
199	1104	1
206	1104	1
223	1104	1
296	1104	1
309	1104	1
322	1104	1
342	1104	1
373	1104	1
384	1104	1
386	1104	1
393	1104	1
402	1104	1
468	1104	1
478	1104	1
534	1104	1
663	1104	1
680	1104	1
862	1104	1
933	1104	1
1101	1104	1
1494	1104	1
1495	1104	1
1554	1104	1
1561	1104	1
1872	1104	1
1056	1105	1
458	1106	1
459	1106	1
557	1106	1
1153	1106	1
1374	1106	1
1390	1106	1
1108	1107	1
1415	1107	1
1491	1107	1
1107	1108	1
1325	1108	1
1415	1108	1
1491	1108	1
11	1109	1
13	1109	1
14	1109	1
27	1109	1
54	1109	1
55	1109	1
56	1109	1
57	1109	1
59	1109	1
242	1109	1
264	1109	1
268	1109	1
281	1109	1
310	1109	1
314	1109	1
379	1109	1
461	1109	1
5	1110	1
6	1110	1
98	1110	1
109	1110	1
110	1110	1
117	1110	1
118	1110	1
238	1110	1
239	1110	1
262	1110	1
270	1110	1
271	1110	1
292	1110	1
313	1110	1
339	1110	1
349	1110	1
350	1110	1
420	1110	1
465	1110	1
469	1110	1
496	1110	1
507	1110	1
544	1110	1
635	1110	1
637	1110	1
688	1110	1
734	1110	1
1082	1110	1
1124	1110	1
1125	1110	1
1168	1110	1
1213	1110	1
1238	1110	1
1301	1110	1
1309	1110	1
1353	1110	1
1447	1110	1
1518	1110	1
1531	1110	1
1577	1110	1
1582	1110	1
1693	1110	1
1112	1111	1
1113	1111	1
1203	1111	1
1260	1111	1
1291	1111	1
1292	1111	1
1302	1111	1
1316	1111	1
1335	1111	1
1360	1111	1
1678	1111	1
1679	1111	1
1804	1111	1
1847	1111	1
1111	1112	1
1113	1112	1
1260	1112	1
1291	1112	1
1292	1112	1
1302	1112	1
1316	1112	1
1335	1112	1
1360	1112	1
1678	1112	1
1679	1112	1
1804	1112	1
1847	1112	1
1111	1113	1
1112	1113	1
1203	1113	1
1260	1113	1
1291	1113	1
1292	1113	1
1302	1113	1
1316	1113	1
1335	1113	1
1360	1113	1
1678	1113	1
1679	1113	1
1804	1113	1
1847	1113	1
29	1114	1
67	1114	1
176	1114	1
192	1114	1
199	1114	1
206	1114	1
223	1114	1
322	1114	1
933	1114	1
1101	1114	1
1494	1114	1
1495	1114	1
1872	1114	1
548	1115	1
689	1115	1
257	1116	1
775	1116	1
596	1117	1
730	1117	1
1008	1117	1
1009	1117	1
1118	1117	1
1161	1117	1
1194	1117	1
1827	1117	1
178	1118	1
179	1118	1
206	1118	1
235	1118	1
288	1118	1
342	1118	1
596	1118	1
645	1118	1
730	1118	1
1008	1118	1
1009	1118	1
1117	1118	1
1194	1118	1
1256	1118	1
1399	1118	1
1426	1118	1
1449	1118	1
1524	1118	1
1628	1118	1
1669	1118	1
194	1119	1
323	1119	1
324	1119	1
531	1119	1
1221	1119	1
226	1120	1
318	1120	1
29	1121	1
67	1121	1
113	1121	1
176	1121	1
192	1121	1
199	1121	1
205	1121	1
206	1121	1
210	1121	1
223	1121	1
275	1121	1
322	1121	1
432	1121	1
492	1121	1
516	1121	1
892	1121	1
933	1121	1
1101	1121	1
1494	1121	1
1495	1121	1
1674	1121	1
1706	1121	1
1708	1121	1
1772	1121	1
1774	1121	1
1872	1121	1
29	1122	1
67	1122	1
176	1122	1
192	1122	1
199	1122	1
206	1122	1
223	1122	1
322	1122	1
933	1122	1
1101	1122	1
1494	1122	1
1495	1122	1
1872	1122	1
318	1123	1
320	1123	1
321	1123	1
1010	1123	1
1298	1123	1
1337	1123	1
1506	1123	1
1970	1123	1
5	1124	1
6	1124	1
109	1124	1
110	1124	1
117	1124	1
118	1124	1
238	1124	1
239	1124	1
262	1124	1
270	1124	1
271	1124	1
292	1124	1
313	1124	1
339	1124	1
349	1124	1
350	1124	1
469	1124	1
496	1124	1
507	1124	1
635	1124	1
637	1124	1
688	1124	1
1082	1124	1
1110	1124	1
1125	1124	1
1168	1124	1
1213	1124	1
1238	1124	1
1301	1124	1
1309	1124	1
1447	1124	1
1531	1124	1
1577	1124	1
1582	1124	1
6	1125	1
109	1125	1
110	1125	1
117	1125	1
239	1125	1
270	1125	1
271	1125	1
292	1125	1
313	1125	1
339	1125	1
350	1125	1
469	1125	1
496	1125	1
637	1125	1
688	1125	1
1110	1125	1
1124	1125	1
1168	1125	1
1301	1125	1
1309	1125	1
1447	1125	1
1531	1125	1
67	1126	1
254	1126	1
255	1126	1
267	1126	1
682	1126	1
802	1126	1
1034	1126	1
1051	1126	1
1067	1126	1
1161	1126	1
1162	1126	1
1164	1126	1
1478	1126	1
1479	1126	1
1480	1126	1
1481	1126	1
1677	1126	1
321	1127	1
641	1127	1
1179	1127	1
1230	1127	1
157	1128	1
407	1128	1
675	1128	1
1129	1128	1
1176	1128	1
1246	1128	1
1247	1128	1
1248	1128	1
1267	1128	1
157	1129	1
407	1129	1
675	1129	1
1128	1129	1
1176	1129	1
1246	1129	1
1247	1129	1
1248	1129	1
1267	1129	1
77	1130	1
754	1130	1
788	1130	1
537	1131	1
645	1131	1
761	1131	1
1056	1131	1
1090	1131	1
1177	1131	1
1588	1131	1
1133	1132	1
1139	1132	1
1140	1132	1
1132	1133	1
1139	1133	1
1135	1134	1
1473	1134	1
548	1135	1
1134	1135	1
151	1136	1
152	1136	1
424	1136	1
906	1136	1
991	1136	1
1336	1136	1
1354	1136	1
894	1137	1
7	1138	1
8	1138	1
244	1138	1
269	1138	1
307	1138	1
311	1138	1
1132	1139	1
1133	1139	1
1140	1139	1
1431	1139	1
209	1140	1
1132	1140	1
1139	1140	1
273	1141	1
274	1141	1
312	1141	1
1068	1141	1
1072	1141	1
1327	1141	1
1361	1141	1
1004	1142	1
256	1143	1
2084	1143	1
105	1144	1
284	1144	1
285	1144	1
319	1144	1
329	1144	1
331	1144	1
343	1144	1
344	1144	1
1058	1144	1
1059	1144	1
1065	1144	1
1066	1144	1
1099	1144	1
1672	1144	1
433	1145	1
1146	1145	1
2084	1145	1
2167	1145	1
1145	1146	1
1172	1146	1
2084	1146	1
2167	1146	1
144	1147	1
414	1147	1
537	1147	1
1038	1147	1
1090	1147	1
1427	1147	1
1460	1147	1
219	1148	1
220	1148	1
259	1148	1
424	1148	1
433	1148	1
594	1148	1
991	1148	1
998	1148	1
1017	1148	1
1031	1148	1
1312	1148	1
1929	1148	1
1975	1148	1
1992	1148	1
2028	1148	1
450	1149	1
219	1150	1
220	1150	1
226	1150	1
259	1150	1
424	1150	1
594	1150	1
991	1150	1
998	1150	1
1017	1150	1
1031	1150	1
1312	1150	1
1929	1150	1
1975	1150	1
1992	1150	1
2028	1150	1
566	1151	1
1355	1151	1
158	1152	1
244	1152	1
288	1152	1
317	1152	1
432	1152	1
893	1152	1
1157	1152	1
1169	1152	1
1276	1152	1
1295	1152	1
1346	1152	1
1347	1152	1
1364	1152	1
1733	1152	1
1900	1152	1
1964	1152	1
2046	1152	1
458	1153	1
459	1153	1
557	1153	1
1056	1153	1
1106	1153	1
1374	1153	1
1390	1153	1
1913	1153	1
9	1154	1
10	1154	1
254	1154	1
255	1154	1
882	1154	1
975	1154	1
1034	1154	1
1051	1154	1
1067	1154	1
1195	1154	1
1222	1154	1
1227	1154	1
1264	1154	1
1265	1154	1
1297	1154	1
1302	1154	1
1335	1154	1
1360	1154	1
1454	1154	1
1665	1154	1
9	1155	1
10	1155	1
254	1155	1
255	1155	1
882	1155	1
975	1155	1
1034	1155	1
1051	1155	1
1067	1155	1
1195	1155	1
1222	1155	1
1227	1155	1
1264	1155	1
1265	1155	1
1297	1155	1
1302	1155	1
1335	1155	1
1360	1155	1
1454	1155	1
1665	1155	1
67	1156	1
68	1156	1
91	1156	1
246	1156	1
288	1156	1
322	1156	1
1042	1156	1
1057	1156	1
1157	1156	1
1194	1156	1
1253	1156	1
1255	1156	1
1262	1156	1
1495	1156	1
1588	1156	1
1872	1156	1
112	1157	1
175	1157	1
176	1157	1
177	1157	1
178	1157	1
181	1157	1
182	1157	1
187	1157	1
289	1157	1
334	1157	1
432	1157	1
449	1157	1
518	1157	1
892	1157	1
924	1157	1
925	1157	1
926	1157	1
927	1157	1
938	1157	1
940	1157	1
949	1157	1
953	1157	1
954	1157	1
955	1157	1
1152	1157	1
1156	1157	1
1163	1157	1
1169	1157	1
1241	1157	1
1243	1157	1
1245	1157	1
1295	1157	1
1894	1157	1
1900	1157	1
1977	1157	1
121	1158	1
866	1158	1
1589	1158	1
1881	1158	1
2245	1158	1
208	1159	1
1005	1159	1
1470	1159	1
796	1160	1
956	1160	1
1194	1160	1
67	1161	1
211	1161	1
212	1161	1
221	1161	1
222	1161	1
267	1161	1
448	1161	1
516	1161	1
562	1161	1
920	1161	1
993	1161	1
1117	1161	1
1126	1161	1
1162	1161	1
1164	1161	1
1249	1161	1
1302	1161	1
1335	1161	1
1360	1161	1
1537	1161	1
1540	1161	1
1624	1161	1
1677	1161	1
1889	1161	1
67	1162	1
1126	1162	1
1161	1162	1
1677	1162	1
67	1163	1
68	1163	1
91	1163	1
246	1163	1
288	1163	1
322	1163	1
1042	1163	1
1057	1163	1
1157	1163	1
1194	1163	1
1253	1163	1
1255	1163	1
1262	1163	1
1495	1163	1
1588	1163	1
1872	1163	1
67	1164	1
1126	1164	1
1161	1164	1
1677	1164	1
1166	1165	1
1167	1165	1
1175	1165	1
1187	1165	1
1320	1165	1
1034	1166	1
1165	1166	1
1187	1166	1
1320	1166	1
1603	1166	1
1034	1167	1
1165	1167	1
1187	1167	1
1320	1167	1
1603	1167	1
25	1168	1
270	1168	1
271	1168	1
349	1168	1
350	1168	1
359	1168	1
401	1168	1
635	1168	1
637	1168	1
688	1168	1
1110	1168	1
1124	1168	1
1125	1168	1
1238	1168	1
1301	1168	1
1353	1168	1
1430	1168	1
1518	1168	1
1722	1168	1
288	1169	1
289	1169	1
305	1169	1
306	1169	1
403	1169	1
404	1169	1
650	1169	1
682	1169	1
802	1169	1
1152	1169	1
1157	1169	1
1295	1169	1
1499	1169	1
1578	1169	1
1900	1169	1
1926	1169	1
698	1170	1
1079	1171	1
1172	1171	1
1658	1171	1
433	1172	1
725	1172	1
1045	1172	1
1146	1172	1
1171	1172	1
1191	1172	1
1311	1172	1
2084	1172	1
2167	1172	1
2243	1172	1
2244	1172	1
244	1173	1
502	1173	1
629	1173	1
1174	1173	1
1245	1173	1
1497	1173	1
1656	1173	1
1692	1173	1
1711	1173	1
1733	1173	1
244	1174	1
1173	1174	1
1260	1174	1
1292	1174	1
1302	1174	1
1316	1174	1
1335	1174	1
1360	1174	1
1711	1174	1
1733	1174	1
1034	1175	1
1165	1175	1
1187	1175	1
1320	1175	1
1603	1175	1
157	1176	1
407	1176	1
483	1176	1
584	1176	1
675	1176	1
751	1176	1
882	1176	1
1128	1176	1
1129	1176	1
1246	1176	1
1247	1176	1
1248	1176	1
1267	1176	1
1822	1176	1
1844	1176	1
144	1177	1
312	1177	1
414	1177	1
477	1177	1
645	1177	1
692	1177	1
761	1177	1
1131	1177	1
1178	1177	1
1700	1177	1
1933	1177	1
1934	1177	1
1935	1177	1
144	1178	1
312	1178	1
414	1178	1
477	1178	1
1177	1178	1
815	1179	1
1127	1179	1
321	1180	1
792	1180	1
853	1180	1
1304	1180	1
1737	1180	1
1765	1180	1
906	1181	1
317	1182	1
326	1182	1
364	1182	1
1018	1182	1
1019	1182	1
1188	1182	1
1275	1182	1
1327	1182	1
1361	1182	1
1538	1182	1
1543	1182	1
1553	1182	1
1610	1182	1
1613	1182	1
1623	1182	1
1891	1182	1
87	1183	1
205	1183	1
207	1183	1
306	1183	1
647	1183	1
1276	1183	1
1744	1183	1
1906	1183	1
1956	1183	1
2031	1183	1
531	1184	1
1185	1184	1
1206	1184	1
1260	1184	1
1292	1184	1
1302	1184	1
1316	1184	1
2014	1184	1
2020	1184	1
531	1185	1
567	1185	1
1184	1185	1
1206	1185	1
1653	1185	1
1831	1185	1
1836	1185	1
1883	1185	1
217	1186	1
329	1186	1
763	1186	1
773	1186	1
1036	1186	1
1513	1186	1
1752	1186	1
246	1187	1
247	1187	1
248	1187	1
400	1187	1
681	1187	1
1165	1187	1
1166	1187	1
1167	1187	1
1175	1187	1
1320	1187	1
1493	1187	1
1717	1187	1
1834	1187	1
317	1188	1
325	1188	1
364	1188	1
1182	1188	1
1275	1188	1
1327	1188	1
1361	1188	1
1538	1188	1
1553	1188	1
1613	1188	1
1991	1188	1
1190	1189	1
2245	1189	1
810	1190	1
1189	1190	1
2245	1190	1
1172	1191	1
9	1192	1
10	1192	1
246	1192	1
247	1192	1
248	1192	1
254	1192	1
400	1192	1
447	1192	1
448	1192	1
473	1192	1
474	1192	1
516	1192	1
560	1192	1
702	1192	1
975	1192	1
1193	1192	1
1202	1192	1
1208	1192	1
1215	1192	1
1249	1192	1
1289	1192	1
1302	1192	1
1317	1192	1
1326	1192	1
1329	1192	1
1331	1192	1
1335	1192	1
1360	1192	1
1396	1192	1
1560	1192	1
1607	1192	1
1697	1192	1
1705	1192	1
1906	1192	1
1916	1192	1
1927	1192	1
1930	1192	1
1952	1192	1
1956	1192	1
1959	1192	1
1986	1192	1
1988	1192	1
1995	1192	1
2004	1192	1
2031	1192	1
2050	1192	1
220	1193	1
246	1193	1
254	1193	1
395	1193	1
400	1193	1
447	1193	1
473	1193	1
474	1193	1
504	1193	1
564	1193	1
1018	1193	1
1019	1193	1
1034	1193	1
1192	1193	1
1208	1193	1
1287	1193	1
1331	1193	1
1442	1193	1
1565	1193	1
1607	1193	1
1697	1193	1
1705	1193	1
1907	1193	1
1913	1193	1
2014	1193	1
2020	1193	1
9	1194	1
246	1194	1
400	1194	1
433	1194	1
476	1194	1
765	1194	1
796	1194	1
892	1194	1
975	1194	1
978	1194	1
979	1194	1
1026	1194	1
1028	1194	1
1041	1194	1
1042	1194	1
1043	1194	1
1050	1194	1
1057	1194	1
1117	1194	1
1118	1194	1
1156	1194	1
1160	1194	1
1163	1194	1
1195	1194	1
1222	1194	1
1227	1194	1
1239	1194	1
1240	1194	1
1255	1194	1
1310	1194	1
1337	1194	1
1393	1194	1
1588	1194	1
1668	1194	1
1776	1194	1
1780	1194	1
1855	1194	1
1895	1194	1
1922	1194	1
1940	1194	1
1967	1194	1
1990	1194	1
2027	1194	1
2034	1194	1
2040	1194	1
9	1195	1
975	1195	1
1154	1195	1
1155	1195	1
1194	1195	1
1240	1195	1
1337	1195	1
1420	1195	1
1441	1195	1
1724	1195	1
1725	1195	1
1055	1196	1
40	1197	1
41	1197	1
42	1197	1
45	1197	1
46	1197	1
67	1197	1
68	1197	1
322	1197	1
335	1197	1
413	1197	1
463	1197	1
464	1197	1
483	1197	1
485	1197	1
1849	1197	1
20	1198	1
1199	1198	1
1223	1198	1
1573	1198	1
1198	1199	1
1224	1199	1
1711	1199	1
1201	1200	1
174	1201	1
1200	1201	1
1282	1201	1
220	1202	1
246	1202	1
254	1202	1
395	1202	1
400	1202	1
447	1202	1
473	1202	1
474	1202	1
504	1202	1
564	1202	1
732	1202	1
1018	1202	1
1019	1202	1
1034	1202	1
1192	1202	1
1208	1202	1
1287	1202	1
1331	1202	1
1442	1202	1
1565	1202	1
1607	1202	1
1697	1202	1
1705	1202	1
1907	1202	1
1913	1202	1
2014	1202	1
2020	1202	1
113	1203	1
422	1203	1
1032	1203	1
1033	1203	1
1111	1203	1
1113	1203	1
1254	1203	1
1261	1203	1
1273	1203	1
1305	1203	1
1205	1204	1
1444	1204	1
17	1205	1
1204	1205	1
318	1206	1
321	1206	1
1184	1206	1
1185	1206	1
1079	1207	1
1323	1207	1
254	1208	1
448	1208	1
473	1208	1
516	1208	1
591	1208	1
1192	1208	1
1193	1208	1
1202	1208	1
1215	1208	1
1249	1208	1
1284	1208	1
1302	1208	1
1331	1208	1
1335	1208	1
1360	1208	1
1382	1208	1
1629	1208	1
1705	1208	1
1797	1208	1
1910	1208	1
1912	1208	1
1915	1208	1
982	1209	1
1268	1209	1
1359	1209	1
1471	1209	1
103	1210	1
104	1210	1
166	1210	1
245	1210	1
316	1210	1
1648	1210	1
1212	1211	1
1211	1212	1
1955	1212	1
1991	1212	1
2011	1212	1
5	1213	1
6	1213	1
98	1213	1
292	1213	1
313	1213	1
420	1213	1
465	1213	1
469	1213	1
637	1213	1
688	1213	1
734	1213	1
1110	1213	1
1124	1213	1
1693	1213	1
174	1214	1
989	1214	1
990	1214	1
1035	1214	1
1282	1214	1
220	1215	1
246	1215	1
254	1215	1
395	1215	1
400	1215	1
447	1215	1
473	1215	1
474	1215	1
504	1215	1
564	1215	1
1018	1215	1
1019	1215	1
1034	1215	1
1192	1215	1
1208	1215	1
1287	1215	1
1331	1215	1
1442	1215	1
1565	1215	1
1607	1215	1
1697	1215	1
1705	1215	1
1907	1215	1
1913	1215	1
2014	1215	1
2020	1215	1
174	1216	1
1218	1217	1
1399	1217	1
1472	1217	1
1744	1217	1
1217	1218	1
1399	1218	1
1472	1218	1
1057	1219	1
1220	1219	1
1824	1219	1
1219	1220	1
193	1221	1
194	1221	1
324	1221	1
498	1221	1
531	1221	1
1119	1221	1
1417	1221	1
1469	1221	1
1671	1221	1
9	1222	1
975	1222	1
1154	1222	1
1155	1222	1
1194	1222	1
1240	1222	1
1337	1222	1
1420	1222	1
1441	1222	1
1724	1222	1
1725	1222	1
2228	1222	1
1198	1223	1
1224	1223	1
20	1224	1
1199	1224	1
1223	1224	1
1573	1224	1
209	1225	1
310	1225	1
501	1225	1
908	1225	1
1016	1225	1
1226	1225	1
1294	1225	1
1465	1225	1
1507	1225	1
1551	1225	1
1595	1225	1
1609	1225	1
1646	1225	1
1688	1225	1
1711	1225	1
1719	1225	1
1739	1225	1
1785	1225	1
1810	1225	1
1818	1225	1
1840	1225	1
1868	1225	1
769	1226	1
1225	1226	1
2124	1226	1
2125	1226	1
2181	1226	1
9	1227	1
975	1227	1
1154	1227	1
1155	1227	1
1194	1227	1
1240	1227	1
1337	1227	1
1420	1227	1
1441	1227	1
1724	1227	1
1725	1227	1
769	1228	1
1848	1228	1
17	1229	1
196	1230	1
1127	1230	1
906	1231	1
8	1232	1
83	1233	1
1234	1233	1
1286	1233	1
1303	1233	1
1307	1233	1
83	1234	1
1233	1234	1
68	1235	1
91	1235	1
112	1235	1
175	1235	1
176	1235	1
177	1235	1
180	1235	1
183	1235	1
186	1235	1
190	1235	1
191	1235	1
192	1235	1
195	1235	1
204	1235	1
205	1235	1
206	1235	1
207	1235	1
223	1235	1
275	1235	1
518	1235	1
918	1235	1
923	1235	1
924	1235	1
932	1235	1
933	1235	1
936	1235	1
937	1235	1
949	1235	1
967	1235	1
1101	1235	1
1242	1235	1
318	1236	1
321	1236	1
321	1237	1
1402	1237	1
270	1238	1
271	1238	1
349	1238	1
350	1238	1
359	1238	1
401	1238	1
635	1238	1
637	1238	1
688	1238	1
1110	1238	1
1124	1238	1
1168	1238	1
1301	1238	1
1353	1238	1
1430	1238	1
1518	1238	1
431	1239	1
594	1239	1
1194	1239	1
1240	1239	1
1949	1239	1
1975	1239	1
594	1240	1
765	1240	1
978	1240	1
979	1240	1
1194	1240	1
1195	1240	1
1222	1240	1
1227	1240	1
1239	1240	1
1310	1240	1
1895	1240	1
1917	1240	1
1922	1240	1
1948	1240	1
1975	1240	1
2054	1240	1
112	1241	1
167	1241	1
175	1241	1
176	1241	1
177	1241	1
178	1241	1
179	1241	1
180	1241	1
181	1241	1
182	1241	1
183	1241	1
184	1241	1
185	1241	1
186	1241	1
187	1241	1
189	1241	1
190	1241	1
191	1241	1
192	1241	1
195	1241	1
288	1241	1
334	1241	1
449	1241	1
518	1241	1
923	1241	1
924	1241	1
925	1241	1
926	1241	1
927	1241	1
928	1241	1
932	1241	1
933	1241	1
934	1241	1
935	1241	1
936	1241	1
937	1241	1
938	1241	1
939	1241	1
940	1241	1
941	1241	1
942	1241	1
943	1241	1
944	1241	1
949	1241	1
953	1241	1
954	1241	1
955	1241	1
1157	1241	1
1243	1241	1
1245	1241	1
1321	1241	1
1443	1241	1
1503	1241	1
1659	1241	1
1671	1241	1
68	1242	1
91	1242	1
112	1242	1
175	1242	1
176	1242	1
177	1242	1
180	1242	1
183	1242	1
186	1242	1
190	1242	1
191	1242	1
192	1242	1
195	1242	1
204	1242	1
205	1242	1
206	1242	1
207	1242	1
223	1242	1
275	1242	1
518	1242	1
918	1242	1
923	1242	1
924	1242	1
932	1242	1
933	1242	1
936	1242	1
937	1242	1
949	1242	1
967	1242	1
1101	1242	1
1235	1242	1
112	1243	1
167	1243	1
175	1243	1
176	1243	1
177	1243	1
178	1243	1
179	1243	1
180	1243	1
181	1243	1
182	1243	1
183	1243	1
184	1243	1
185	1243	1
186	1243	1
187	1243	1
189	1243	1
190	1243	1
191	1243	1
192	1243	1
195	1243	1
288	1243	1
334	1243	1
449	1243	1
518	1243	1
923	1243	1
924	1243	1
925	1243	1
926	1243	1
927	1243	1
928	1243	1
932	1243	1
933	1243	1
934	1243	1
935	1243	1
936	1243	1
937	1243	1
938	1243	1
939	1243	1
940	1243	1
941	1243	1
942	1243	1
943	1243	1
944	1243	1
949	1243	1
953	1243	1
954	1243	1
955	1243	1
1157	1243	1
1241	1243	1
1245	1243	1
1321	1243	1
1443	1243	1
1503	1243	1
1659	1243	1
1671	1243	1
145	1244	1
681	1244	1
1062	1244	1
1063	1244	1
1415	1244	1
1445	1244	1
1446	1244	1
1467	1244	1
1491	1244	1
1493	1244	1
1717	1244	1
80	1245	1
112	1245	1
167	1245	1
175	1245	1
176	1245	1
177	1245	1
178	1245	1
179	1245	1
180	1245	1
181	1245	1
182	1245	1
183	1245	1
184	1245	1
185	1245	1
186	1245	1
187	1245	1
189	1245	1
190	1245	1
191	1245	1
192	1245	1
195	1245	1
288	1245	1
334	1245	1
449	1245	1
518	1245	1
923	1245	1
924	1245	1
925	1245	1
926	1245	1
927	1245	1
928	1245	1
932	1245	1
933	1245	1
934	1245	1
935	1245	1
936	1245	1
937	1245	1
938	1245	1
939	1245	1
940	1245	1
941	1245	1
942	1245	1
943	1245	1
944	1245	1
949	1245	1
953	1245	1
954	1245	1
955	1245	1
958	1245	1
959	1245	1
963	1245	1
1157	1245	1
1173	1245	1
1241	1245	1
1243	1245	1
1321	1245	1
1443	1245	1
1503	1245	1
1659	1245	1
1660	1245	1
1671	1245	1
1691	1245	1
157	1246	1
407	1246	1
675	1246	1
1128	1246	1
1129	1246	1
1176	1246	1
1247	1246	1
1248	1246	1
157	1247	1
407	1247	1
675	1247	1
1128	1247	1
1129	1247	1
1176	1247	1
1246	1247	1
1267	1247	1
157	1248	1
407	1248	1
675	1248	1
1128	1248	1
1129	1248	1
1176	1248	1
1246	1248	1
1267	1248	1
246	1249	1
255	1249	1
400	1249	1
447	1249	1
448	1249	1
473	1249	1
474	1249	1
504	1249	1
1018	1249	1
1019	1249	1
1034	1249	1
1051	1249	1
1161	1249	1
1192	1249	1
1208	1249	1
1287	1249	1
1327	1249	1
1331	1249	1
1361	1249	1
1565	1249	1
1583	1249	1
1607	1249	1
1913	1249	1
2154	1249	1
2280	1249	1
200	1250	1
201	1250	1
215	1250	1
509	1250	1
902	1250	1
1379	1250	1
232	1251	1
391	1251	1
411	1251	1
412	1251	1
693	1251	1
824	1251	1
830	1251	1
833	1251	1
1252	1251	1
1293	1251	1
1542	1251	1
1618	1251	1
1738	1251	1
391	1252	1
411	1252	1
412	1252	1
693	1252	1
833	1252	1
1251	1252	1
1542	1252	1
1618	1252	1
2175	1252	1
2176	1252	1
67	1253	1
68	1253	1
91	1253	1
113	1253	1
210	1253	1
213	1253	1
322	1253	1
422	1253	1
892	1253	1
912	1253	1
913	1253	1
914	1253	1
917	1253	1
1156	1253	1
1163	1253	1
1254	1253	1
1261	1253	1
1273	1253	1
1305	1253	1
1495	1253	1
1872	1253	1
67	1254	1
68	1254	1
91	1254	1
112	1254	1
175	1254	1
176	1254	1
177	1254	1
180	1254	1
183	1254	1
186	1254	1
190	1254	1
191	1254	1
192	1254	1
195	1254	1
204	1254	1
206	1254	1
223	1254	1
322	1254	1
352	1254	1
518	1254	1
923	1254	1
924	1254	1
932	1254	1
933	1254	1
936	1254	1
937	1254	1
949	1254	1
967	1254	1
1032	1254	1
1033	1254	1
1101	1254	1
1203	1254	1
1253	1254	1
1262	1254	1
1495	1254	1
1872	1254	1
246	1255	1
892	1255	1
1041	1255	1
1042	1255	1
1043	1255	1
1050	1255	1
1057	1255	1
1156	1255	1
1163	1255	1
1194	1255	1
1497	1255	1
1543	1255	1
1573	1255	1
1588	1255	1
1610	1255	1
1623	1255	1
1692	1255	1
178	1256	1
179	1256	1
206	1256	1
235	1256	1
255	1256	1
383	1256	1
1034	1256	1
1118	1256	1
1257	1256	1
1266	1256	1
1277	1256	1
1425	1256	1
1426	1256	1
1440	1256	1
1449	1256	1
1454	1256	1
1628	1256	1
1657	1256	1
255	1257	1
482	1257	1
645	1257	1
1256	1257	1
1425	1257	1
1440	1257	1
1657	1257	1
318	1258	1
320	1258	1
321	1258	1
1260	1259	1
1292	1259	1
1302	1259	1
1316	1259	1
1335	1259	1
1360	1259	1
144	1260	1
499	1260	1
1091	1260	1
1111	1260	1
1112	1260	1
1113	1260	1
1174	1260	1
1184	1260	1
1259	1260	1
1411	1260	1
1425	1260	1
1468	1260	1
1622	1260	1
1656	1260	1
1665	1260	1
1679	1260	1
1687	1260	1
1900	1260	1
67	1261	1
68	1261	1
91	1261	1
112	1261	1
175	1261	1
176	1261	1
177	1261	1
180	1261	1
183	1261	1
186	1261	1
190	1261	1
191	1261	1
192	1261	1
195	1261	1
204	1261	1
206	1261	1
223	1261	1
322	1261	1
352	1261	1
518	1261	1
923	1261	1
924	1261	1
932	1261	1
933	1261	1
936	1261	1
937	1261	1
949	1261	1
967	1261	1
1032	1261	1
1033	1261	1
1101	1261	1
1203	1261	1
1253	1261	1
1262	1261	1
1495	1261	1
1872	1261	1
67	1262	1
68	1262	1
91	1262	1
113	1262	1
210	1262	1
213	1262	1
322	1262	1
422	1262	1
892	1262	1
912	1262	1
913	1262	1
914	1262	1
917	1262	1
1156	1262	1
1163	1262	1
1254	1262	1
1261	1262	1
1273	1262	1
1305	1262	1
1495	1262	1
1872	1262	1
1004	1263	1
1272	1263	1
214	1264	1
254	1264	1
255	1264	1
500	1264	1
994	1264	1
1034	1264	1
1051	1264	1
1067	1264	1
1154	1264	1
1155	1264	1
1265	1264	1
1322	1264	1
1403	1264	1
1454	1264	1
1744	1264	1
1875	1264	1
1936	1264	1
2026	1264	1
254	1265	1
255	1265	1
866	1265	1
882	1265	1
1034	1265	1
1051	1265	1
1067	1265	1
1154	1265	1
1155	1265	1
1264	1265	1
1297	1265	1
1322	1265	1
1403	1265	1
1454	1265	1
1665	1265	1
1697	1265	1
1852	1265	1
1881	1265	1
1963	1265	1
2053	1265	1
2070	1265	1
255	1266	1
482	1266	1
645	1266	1
1256	1266	1
1425	1266	1
1440	1266	1
1657	1266	1
157	1267	1
407	1267	1
675	1267	1
1128	1267	1
1129	1267	1
1176	1267	1
1247	1267	1
1248	1267	1
894	1268	1
1209	1268	1
1269	1268	1
1359	1268	1
1370	1268	1
1268	1269	1
1283	1269	1
1271	1270	1
196	1271	1
341	1271	1
1270	1271	1
2137	1271	1
2173	1271	1
2241	1271	1
1263	1272	1
1388	1272	1
67	1273	1
68	1273	1
91	1273	1
112	1273	1
175	1273	1
176	1273	1
177	1273	1
180	1273	1
183	1273	1
186	1273	1
190	1273	1
191	1273	1
192	1273	1
195	1273	1
204	1273	1
206	1273	1
223	1273	1
322	1273	1
352	1273	1
518	1273	1
923	1273	1
924	1273	1
932	1273	1
933	1273	1
936	1273	1
937	1273	1
949	1273	1
967	1273	1
1032	1273	1
1033	1273	1
1101	1273	1
1203	1273	1
1253	1273	1
1262	1273	1
1274	1273	1
1495	1273	1
1872	1273	1
422	1274	1
792	1274	1
815	1274	1
853	1274	1
1273	1274	1
1304	1274	1
1305	1274	1
1523	1274	1
1603	1274	1
1731	1274	1
1749	1274	1
1758	1274	1
1886	1274	1
1911	1274	1
1978	1274	1
2002	1274	1
78	1275	1
317	1275	1
325	1275	1
326	1275	1
425	1275	1
900	1275	1
1049	1275	1
1182	1275	1
1188	1275	1
1283	1275	1
1302	1275	1
1327	1275	1
1335	1275	1
1352	1275	1
1360	1275	1
1361	1275	1
1538	1275	1
1553	1275	1
1613	1275	1
1896	1275	1
289	1276	1
306	1276	1
318	1276	1
321	1276	1
647	1276	1
1012	1276	1
1016	1276	1
1027	1276	1
1030	1276	1
1152	1276	1
1183	1276	1
255	1277	1
482	1277	1
645	1277	1
1256	1277	1
1425	1277	1
1440	1277	1
1657	1277	1
2087	1277	1
2099	1277	1
430	1278	1
1088	1278	1
1094	1278	1
1095	1278	1
1336	1278	1
1354	1278	1
2016	1278	1
29	1279	1
198	1279	1
629	1279	1
886	1279	1
1281	1280	1
1325	1280	1
1927	1280	1
1930	1280	1
1952	1280	1
1986	1280	1
1988	1280	1
1995	1280	1
1280	1281	1
1806	1281	1
321	1282	1
1201	1282	1
1214	1282	1
364	1283	1
504	1283	1
655	1283	1
920	1283	1
1269	1283	1
1275	1283	1
1325	1283	1
1565	1283	1
1726	1283	1
1845	1283	1
1972	1283	1
2021	1283	1
2025	1283	1
474	1284	1
1208	1284	1
1382	1284	1
1629	1284	1
318	1285	1
321	1285	1
450	1285	1
83	1286	1
1233	1286	1
1380	1286	1
170	1287	1
448	1287	1
516	1287	1
1193	1287	1
1202	1287	1
1215	1287	1
1249	1287	1
1288	1287	1
1302	1287	1
1335	1287	1
1360	1287	1
1287	1288	1
246	1289	1
417	1289	1
418	1289	1
443	1289	1
457	1289	1
1192	1289	1
1442	1289	1
1913	1289	1
1291	1290	1
1111	1291	1
1112	1291	1
1113	1291	1
1290	1291	1
1679	1291	1
1804	1291	1
144	1292	1
499	1292	1
1091	1292	1
1111	1292	1
1112	1292	1
1113	1292	1
1174	1292	1
1184	1292	1
1259	1292	1
1411	1292	1
1425	1292	1
1468	1292	1
1622	1292	1
1656	1292	1
1665	1292	1
1679	1292	1
1687	1292	1
1900	1292	1
120	1293	1
129	1293	1
209	1293	1
228	1293	1
229	1293	1
315	1293	1
606	1293	1
1251	1293	1
1419	1293	1
1651	1293	1
174	1294	1
1225	1294	1
288	1295	1
289	1295	1
306	1295	1
432	1295	1
865	1295	1
1152	1295	1
1157	1295	1
1169	1295	1
1418	1295	1
1665	1295	1
1720	1295	1
1055	1296	1
214	1297	1
254	1297	1
255	1297	1
500	1297	1
994	1297	1
1034	1297	1
1051	1297	1
1067	1297	1
1154	1297	1
1155	1297	1
1265	1297	1
1322	1297	1
1403	1297	1
1454	1297	1
1744	1297	1
1875	1297	1
1936	1297	1
2026	1297	1
1123	1298	1
1337	1298	1
1506	1298	1
1970	1298	1
428	1299	1
635	1299	1
1308	1299	1
502	1300	1
1884	1300	1
6	1301	1
25	1301	1
26	1301	1
109	1301	1
110	1301	1
117	1301	1
239	1301	1
270	1301	1
271	1301	1
292	1301	1
313	1301	1
339	1301	1
349	1301	1
350	1301	1
469	1301	1
635	1301	1
637	1301	1
688	1301	1
1082	1301	1
1110	1301	1
1124	1301	1
1125	1301	1
1168	1301	1
1238	1301	1
1309	1301	1
1353	1301	1
1430	1301	1
1518	1301	1
1531	1301	1
1722	1301	1
144	1302	1
246	1302	1
352	1302	1
364	1302	1
395	1302	1
400	1302	1
410	1302	1
474	1302	1
499	1302	1
562	1302	1
841	1302	1
860	1302	1
920	1302	1
1091	1302	1
1111	1302	1
1112	1302	1
1113	1302	1
1154	1302	1
1155	1302	1
1161	1302	1
1174	1302	1
1184	1302	1
1192	1302	1
1208	1302	1
1259	1302	1
1275	1302	1
1287	1302	1
1406	1302	1
1411	1302	1
1425	1302	1
1468	1302	1
1472	1302	1
1494	1302	1
1556	1302	1
1603	1302	1
1622	1302	1
1652	1302	1
1656	1302	1
1665	1302	1
1679	1302	1
1687	1302	1
1699	1302	1
1702	1302	1
1723	1302	1
1751	1302	1
1834	1302	1
1841	1302	1
1853	1302	1
1882	1302	1
1900	1302	1
1901	1302	1
1914	1302	1
1916	1302	1
1959	1302	1
1964	1302	1
1966	1302	1
2046	1302	1
2189	1302	1
83	1303	1
1233	1303	1
1180	1304	1
1274	1304	1
1603	1304	1
67	1305	1
68	1305	1
91	1305	1
112	1305	1
175	1305	1
176	1305	1
177	1305	1
180	1305	1
183	1305	1
186	1305	1
190	1305	1
191	1305	1
192	1305	1
195	1305	1
204	1305	1
206	1305	1
223	1305	1
322	1305	1
352	1305	1
476	1305	1
518	1305	1
923	1305	1
924	1305	1
932	1305	1
933	1305	1
936	1305	1
937	1305	1
949	1305	1
967	1305	1
1032	1305	1
1033	1305	1
1101	1305	1
1203	1305	1
1253	1305	1
1262	1305	1
1274	1305	1
1495	1305	1
1872	1305	1
824	1306	1
83	1307	1
1233	1307	1
1299	1308	1
6	1309	1
109	1309	1
110	1309	1
117	1309	1
239	1309	1
292	1309	1
313	1309	1
339	1309	1
350	1309	1
469	1309	1
496	1309	1
688	1309	1
1082	1309	1
1110	1309	1
1124	1309	1
1125	1309	1
1301	1309	1
1447	1309	1
1531	1309	1
431	1310	1
594	1310	1
1194	1310	1
1240	1310	1
1949	1310	1
1975	1310	1
321	1311	1
433	1311	1
745	1311	1
1172	1311	1
1872	1311	1
2084	1311	1
2122	1311	1
2167	1311	1
2243	1311	1
2244	1311	1
217	1312	1
219	1312	1
220	1312	1
224	1312	1
227	1312	1
272	1312	1
1148	1312	1
1150	1312	1
1313	1312	1
1999	1312	1
1312	1313	1
660	1314	1
661	1314	1
745	1314	1
1859	1314	1
2152	1314	1
763	1315	1
1448	1315	1
144	1316	1
499	1316	1
1091	1316	1
1111	1316	1
1112	1316	1
1113	1316	1
1174	1316	1
1184	1316	1
1259	1316	1
1411	1316	1
1425	1316	1
1468	1316	1
1622	1316	1
1656	1316	1
1665	1316	1
1679	1316	1
1687	1316	1
1900	1316	1
246	1317	1
417	1317	1
418	1317	1
443	1317	1
457	1317	1
1192	1317	1
1442	1317	1
1913	1317	1
219	1318	1
306	1318	1
352	1318	1
383	1318	1
1524	1318	1
1603	1318	1
1770	1318	1
1787	1318	1
8	1319	1
246	1320	1
1165	1320	1
1166	1320	1
1167	1320	1
1175	1320	1
1187	1320	1
80	1321	1
112	1321	1
167	1321	1
175	1321	1
176	1321	1
177	1321	1
178	1321	1
179	1321	1
180	1321	1
181	1321	1
182	1321	1
183	1321	1
184	1321	1
185	1321	1
186	1321	1
187	1321	1
189	1321	1
190	1321	1
191	1321	1
192	1321	1
195	1321	1
334	1321	1
449	1321	1
518	1321	1
923	1321	1
924	1321	1
925	1321	1
926	1321	1
927	1321	1
928	1321	1
932	1321	1
933	1321	1
934	1321	1
935	1321	1
936	1321	1
937	1321	1
938	1321	1
939	1321	1
940	1321	1
941	1321	1
942	1321	1
943	1321	1
944	1321	1
949	1321	1
953	1321	1
954	1321	1
955	1321	1
958	1321	1
959	1321	1
963	1321	1
1241	1321	1
1243	1321	1
1245	1321	1
1443	1321	1
1503	1321	1
1659	1321	1
1671	1321	1
1022	1322	1
1023	1322	1
1264	1322	1
1265	1322	1
1297	1322	1
1533	1322	1
174	1323	1
1207	1323	1
1324	1323	1
1332	1323	1
1079	1324	1
1323	1324	1
1369	1324	1
298	1325	1
900	1325	1
1108	1325	1
1280	1325	1
1283	1325	1
1326	1325	1
1352	1325	1
1396	1325	1
1603	1325	1
1704	1325	1
1764	1325	1
1952	1325	1
1986	1325	1
1988	1325	1
1995	1325	1
1192	1326	1
1325	1326	1
1916	1326	1
1959	1326	1
273	1327	1
274	1327	1
312	1327	1
317	1327	1
325	1327	1
326	1327	1
364	1327	1
430	1327	1
448	1327	1
516	1327	1
851	1327	1
1068	1327	1
1072	1327	1
1141	1327	1
1182	1327	1
1188	1327	1
1249	1327	1
1275	1327	1
1328	1327	1
1538	1327	1
1553	1327	1
1824	1327	1
1890	1327	1
1951	1327	1
1327	1328	1
1361	1328	1
1687	1328	1
1824	1328	1
473	1329	1
1192	1329	1
1330	1329	1
1331	1329	1
1341	1329	1
1357	1329	1
1329	1330	1
246	1331	1
321	1331	1
400	1331	1
448	1331	1
473	1331	1
474	1331	1
516	1331	1
1192	1331	1
1193	1331	1
1202	1331	1
1208	1331	1
1215	1331	1
1249	1331	1
1329	1331	1
1371	1331	1
1987	1331	1
2013	1331	1
2060	1331	1
450	1332	1
566	1332	1
1323	1332	1
1333	1332	1
1332	1333	1
956	1334	1
144	1335	1
246	1335	1
352	1335	1
364	1335	1
395	1335	1
400	1335	1
410	1335	1
474	1335	1
562	1335	1
841	1335	1
860	1335	1
920	1335	1
1111	1335	1
1112	1335	1
1113	1335	1
1154	1335	1
1155	1335	1
1161	1335	1
1174	1335	1
1192	1335	1
1208	1335	1
1259	1335	1
1275	1335	1
1287	1335	1
1406	1335	1
1411	1335	1
1425	1335	1
1472	1335	1
1494	1335	1
1556	1335	1
1603	1335	1
1652	1335	1
1679	1335	1
1699	1335	1
1702	1335	1
1723	1335	1
1751	1335	1
1834	1335	1
1841	1335	1
1853	1335	1
1882	1335	1
1901	1335	1
1914	1335	1
1916	1335	1
1959	1335	1
1964	1335	1
1966	1335	1
2046	1335	1
151	1336	1
152	1336	1
601	1336	1
605	1336	1
1136	1336	1
1278	1336	1
1913	1336	1
306	1337	1
508	1337	1
590	1337	1
1123	1337	1
1194	1337	1
1195	1337	1
1222	1337	1
1227	1337	1
1298	1337	1
1399	1337	1
1420	1337	1
1441	1337	1
1506	1337	1
1526	1337	1
1544	1337	1
1547	1337	1
1562	1337	1
1584	1337	1
1724	1337	1
1725	1337	1
1914	1337	1
1966	1337	1
1970	1337	1
976	1338	1
321	1339	1
976	1340	1
1329	1341	1
1343	1342	1
1342	1343	1
2084	1343	1
321	1344	1
1010	1344	1
49	1345	1
50	1345	1
51	1345	1
52	1345	1
53	1345	1
58	1345	1
75	1345	1
76	1345	1
80	1345	1
81	1345	1
84	1345	1
92	1345	1
95	1345	1
245	1345	1
263	1345	1
265	1345	1
267	1345	1
302	1345	1
342	1345	1
351	1345	1
381	1345	1
462	1345	1
471	1345	1
472	1345	1
512	1345	1
289	1346	1
317	1346	1
893	1346	1
1152	1346	1
1347	1346	1
122	1347	1
158	1347	1
289	1347	1
317	1347	1
1152	1347	1
1346	1347	1
1364	1347	1
217	1348	1
802	1349	1
1035	1350	1
1078	1350	1
1351	1350	1
1350	1351	1
364	1352	1
504	1352	1
655	1352	1
1275	1352	1
1325	1352	1
1565	1352	1
1726	1352	1
1845	1352	1
1972	1352	1
2021	1352	1
2025	1352	1
270	1353	1
271	1353	1
349	1353	1
350	1353	1
401	1353	1
635	1353	1
637	1353	1
688	1353	1
1110	1353	1
1168	1353	1
1238	1353	1
1301	1353	1
1430	1353	1
1518	1353	1
151	1354	1
152	1354	1
601	1354	1
605	1354	1
1136	1354	1
1278	1354	1
1913	1354	1
1151	1355	1
156	1356	1
749	1356	1
1101	1356	1
2018	1356	1
1329	1357	1
1359	1358	1
1209	1359	1
1268	1359	1
1358	1359	1
144	1360	1
246	1360	1
352	1360	1
364	1360	1
395	1360	1
400	1360	1
410	1360	1
474	1360	1
562	1360	1
841	1360	1
860	1360	1
920	1360	1
1111	1360	1
1112	1360	1
1113	1360	1
1154	1360	1
1155	1360	1
1161	1360	1
1174	1360	1
1192	1360	1
1208	1360	1
1259	1360	1
1275	1360	1
1287	1360	1
1406	1360	1
1411	1360	1
1425	1360	1
1472	1360	1
1494	1360	1
1556	1360	1
1603	1360	1
1652	1360	1
1679	1360	1
1699	1360	1
1702	1360	1
1723	1360	1
1751	1360	1
1834	1360	1
1841	1360	1
1853	1360	1
1882	1360	1
1901	1360	1
1914	1360	1
1916	1360	1
1959	1360	1
1964	1360	1
1966	1360	1
2046	1360	1
273	1361	1
274	1361	1
312	1361	1
317	1361	1
325	1361	1
326	1361	1
364	1361	1
430	1361	1
448	1361	1
516	1361	1
851	1361	1
1068	1361	1
1072	1361	1
1141	1361	1
1182	1361	1
1188	1361	1
1249	1361	1
1275	1361	1
1328	1361	1
1538	1361	1
1553	1361	1
1824	1361	1
1890	1361	1
1951	1361	1
1363	1362	1
427	1363	1
1362	1363	1
1642	1363	1
289	1364	1
317	1364	1
893	1364	1
1152	1364	1
1347	1364	1
2245	1364	1
890	1365	1
910	1365	1
369	1366	1
1367	1366	1
1529	1366	1
1530	1366	1
1560	1366	1
1729	1366	1
1366	1367	1
1392	1367	1
1704	1367	1
1764	1367	1
450	1368	1
1369	1368	1
821	1369	1
1324	1369	1
1368	1369	1
1268	1370	1
1372	1370	1
1331	1371	1
1370	1372	1
1005	1373	1
458	1374	1
459	1374	1
1106	1374	1
1153	1374	1
1390	1374	1
265	1375	1
770	1375	1
1482	1375	1
1488	1375	1
1489	1375	1
1505	1375	1
1622	1375	1
1737	1375	1
1765	1375	1
689	1376	1
1557	1376	1
265	1377	1
770	1377	1
1482	1377	1
1488	1377	1
1489	1377	1
1505	1377	1
1622	1377	1
1737	1377	1
1765	1377	1
321	1378	1
200	1379	1
201	1379	1
202	1379	1
203	1379	1
215	1379	1
902	1379	1
1250	1379	1
1497	1379	1
1692	1379	1
1851	1379	1
1286	1380	1
1382	1381	1
474	1382	1
1208	1382	1
1284	1382	1
1381	1382	1
144	1383	1
1384	1383	1
1566	1383	1
2009	1383	1
1383	1384	1
1566	1384	1
1386	1385	1
292	1386	1
1385	1386	1
29	1387	1
235	1387	1
521	1387	1
535	1387	1
960	1387	1
966	1387	1
977	1387	1
1272	1388	1
1389	1388	1
1388	1389	1
305	1390	1
458	1390	1
459	1390	1
557	1390	1
1038	1390	1
1106	1390	1
1153	1390	1
1374	1390	1
1537	1390	1
1540	1390	1
1544	1390	1
1547	1390	1
1584	1390	1
1624	1390	1
1626	1390	1
1640	1390	1
1641	1390	1
238	1391	1
728	1391	1
369	1392	1
1367	1392	1
1529	1392	1
1530	1392	1
1560	1392	1
1729	1392	1
318	1393	1
321	1393	1
562	1393	1
920	1393	1
1072	1393	1
1194	1393	1
1668	1393	1
1697	1393	1
1707	1393	1
1782	1393	1
1802	1393	1
1855	1393	1
1873	1393	1
1971	1393	1
1973	1393	1
1976	1393	1
987	1394	1
2212	1394	1
377	1395	1
1192	1396	1
1325	1396	1
1916	1396	1
1959	1396	1
125	1397	1
137	1398	1
590	1399	1
1118	1399	1
1217	1399	1
1218	1399	1
1337	1399	1
1400	1399	1
1544	1399	1
1547	1399	1
1584	1399	1
1744	1399	1
1399	1400	1
956	1401	1
1237	1402	1
312	1403	1
1264	1403	1
1265	1403	1
1297	1403	1
1404	1403	1
1456	1403	1
1485	1403	1
1626	1403	1
1665	1403	1
1403	1404	1
905	1405	1
1018	1406	1
1019	1406	1
1302	1406	1
1335	1406	1
1360	1406	1
905	1407	1
246	1408	1
396	1408	1
400	1408	1
431	1408	1
667	1408	1
668	1408	1
1491	1408	1
1751	1408	1
1776	1408	1
1780	1408	1
1993	1408	1
321	1409	1
469	1410	1
246	1411	1
247	1411	1
248	1411	1
400	1411	1
1260	1411	1
1292	1411	1
1302	1411	1
1316	1411	1
1335	1411	1
1360	1411	1
1522	1411	1
1675	1411	1
1695	1411	1
1696	1411	1
1735	1411	1
49	1412	1
51	1412	1
52	1412	1
53	1412	1
69	1412	1
71	1412	1
80	1412	1
81	1412	1
97	1412	1
100	1412	1
150	1412	1
245	1412	1
265	1412	1
423	1412	1
456	1412	1
1587	1412	1
197	1413	1
755	1413	1
28	1414	1
40	1414	1
41	1414	1
42	1414	1
45	1414	1
46	1414	1
258	1414	1
275	1414	1
918	1414	1
919	1414	1
921	1414	1
922	1414	1
72	1415	1
73	1415	1
602	1415	1
603	1415	1
1062	1415	1
1100	1415	1
1107	1415	1
1108	1415	1
1244	1415	1
1416	1415	1
1445	1415	1
1446	1415	1
1466	1415	1
1467	1415	1
1502	1415	1
1997	1415	1
2041	1415	1
2042	1415	1
2071	1415	1
1062	1416	1
1415	1416	1
1446	1416	1
1538	1416	1
1627	1416	1
193	1417	1
194	1417	1
323	1417	1
1221	1417	1
145	1418	1
1062	1418	1
1063	1418	1
1295	1418	1
129	1419	1
209	1419	1
228	1419	1
229	1419	1
315	1419	1
385	1419	1
606	1419	1
1293	1419	1
1651	1419	1
62	1420	1
63	1420	1
508	1420	1
706	1420	1
974	1420	1
1195	1420	1
1222	1420	1
1227	1420	1
1337	1420	1
1476	1420	1
1511	1420	1
1526	1420	1
1562	1420	1
1962	1420	1
440	1421	1
441	1421	1
506	1421	1
1422	1421	1
1716	1421	1
1421	1422	1
403	1423	1
404	1423	1
485	1423	1
1037	1423	1
1424	1423	1
1438	1423	1
1499	1423	1
1578	1423	1
1931	1423	1
404	1424	1
485	1424	1
1423	1424	1
1438	1424	1
1464	1424	1
1499	1424	1
72	1425	1
73	1425	1
151	1425	1
152	1425	1
482	1425	1
602	1425	1
603	1425	1
996	1425	1
1256	1425	1
1257	1425	1
1260	1425	1
1266	1425	1
1277	1425	1
1292	1425	1
1302	1425	1
1316	1425	1
1335	1425	1
1360	1425	1
1440	1425	1
1575	1425	1
1643	1425	1
1879	1425	1
1980	1425	1
1981	1425	1
1983	1425	1
2019	1425	1
2037	1425	1
178	1426	1
179	1426	1
206	1426	1
235	1426	1
342	1426	1
645	1426	1
1118	1426	1
1256	1426	1
1449	1426	1
1628	1426	1
1669	1426	1
144	1427	1
255	1427	1
1051	1427	1
1147	1427	1
1428	1427	1
1461	1427	1
1806	1427	1
1427	1428	1
1460	1428	1
906	1429	1
270	1430	1
271	1430	1
349	1430	1
350	1430	1
359	1430	1
635	1430	1
637	1430	1
688	1430	1
1168	1430	1
1238	1430	1
1301	1430	1
1353	1430	1
1518	1430	1
1722	1430	1
906	1431	1
1139	1431	1
1433	1432	1
1508	1432	1
1990	1432	1
2027	1432	1
1432	1433	1
906	1434	1
172	1435	1
314	1435	1
366	1435	1
367	1435	1
379	1435	1
382	1435	1
406	1435	1
435	1435	1
1437	1436	1
87	1437	1
1436	1437	1
40	1438	1
91	1438	1
258	1438	1
524	1438	1
1037	1438	1
1423	1438	1
1424	1438	1
1464	1438	1
1690	1438	1
1838	1438	1
1919	1438	1
1931	1438	1
2029	1438	1
32	1439	1
33	1439	1
60	1439	1
61	1439	1
295	1439	1
297	1439	1
308	1439	1
321	1439	1
369	1439	1
394	1439	1
395	1439	1
1527	1439	1
2157	1439	1
482	1440	1
1012	1440	1
1016	1440	1
1027	1440	1
1030	1440	1
1256	1440	1
1257	1440	1
1266	1440	1
1277	1440	1
1425	1440	1
1724	1440	1
1725	1440	1
62	1441	1
63	1441	1
508	1441	1
706	1441	1
974	1441	1
1195	1441	1
1222	1441	1
1227	1441	1
1337	1441	1
1476	1441	1
1511	1441	1
1526	1441	1
1562	1441	1
1962	1441	1
560	1442	1
702	1442	1
1034	1442	1
1193	1442	1
1202	1442	1
1215	1442	1
1289	1442	1
1317	1442	1
1595	1442	1
1681	1442	1
1808	1442	1
1892	1442	1
1958	1442	1
1960	1442	1
2000	1442	1
2147	1442	1
2148	1442	1
2271	1442	1
112	1443	1
167	1443	1
175	1443	1
176	1443	1
177	1443	1
178	1443	1
179	1443	1
180	1443	1
181	1443	1
182	1443	1
183	1443	1
184	1443	1
185	1443	1
186	1443	1
187	1443	1
189	1443	1
190	1443	1
191	1443	1
192	1443	1
195	1443	1
334	1443	1
449	1443	1
518	1443	1
923	1443	1
924	1443	1
925	1443	1
926	1443	1
927	1443	1
928	1443	1
932	1443	1
933	1443	1
934	1443	1
935	1443	1
936	1443	1
937	1443	1
938	1443	1
939	1443	1
940	1443	1
941	1443	1
942	1443	1
943	1443	1
944	1443	1
949	1443	1
953	1443	1
954	1443	1
955	1443	1
1241	1443	1
1243	1443	1
1245	1443	1
1321	1443	1
1659	1443	1
1671	1443	1
908	1444	1
1204	1444	1
32	1445	1
61	1445	1
297	1445	1
1042	1445	1
1062	1445	1
1244	1445	1
1415	1445	1
1446	1445	1
145	1446	1
167	1446	1
517	1446	1
1062	1446	1
1063	1446	1
1100	1446	1
1244	1446	1
1415	1446	1
1416	1446	1
1445	1446	1
1466	1446	1
1467	1446	1
1502	1446	1
1659	1446	1
1671	1446	1
2250	1446	1
117	1447	1
118	1447	1
238	1447	1
239	1447	1
262	1447	1
339	1447	1
496	1447	1
544	1447	1
1082	1447	1
1110	1447	1
1124	1447	1
1125	1447	1
1309	1447	1
1577	1447	1
1582	1447	1
1315	1448	1
64	1449	1
178	1449	1
179	1449	1
206	1449	1
235	1449	1
342	1449	1
645	1449	1
1118	1449	1
1256	1449	1
1426	1449	1
1628	1449	1
1669	1449	1
321	1450	1
982	1451	1
1453	1452	1
763	1453	1
1452	1453	1
65	1454	1
254	1454	1
255	1454	1
482	1454	1
1034	1454	1
1051	1454	1
1067	1454	1
1154	1454	1
1155	1454	1
1256	1454	1
1264	1454	1
1265	1454	1
1297	1454	1
623	1455	1
916	1455	1
1662	1455	1
1762	1455	1
2130	1455	1
2255	1455	1
2256	1455	1
2257	1455	1
1403	1456	1
931	1457	1
1055	1458	1
170	1459	1
144	1460	1
255	1460	1
1051	1460	1
1147	1460	1
1428	1460	1
1461	1460	1
1806	1460	1
1427	1461	1
1460	1461	1
1463	1462	1
1632	1462	1
1007	1463	1
1462	1463	1
1509	1463	1
403	1464	1
404	1464	1
485	1464	1
1037	1464	1
1424	1464	1
1438	1464	1
1499	1464	1
1578	1464	1
1931	1464	1
1225	1465	1
1062	1466	1
1415	1466	1
1446	1466	1
1538	1466	1
1627	1466	1
32	1467	1
61	1467	1
297	1467	1
1042	1467	1
1062	1467	1
1244	1467	1
1415	1467	1
1446	1467	1
321	1468	1
882	1468	1
1260	1468	1
1292	1468	1
1302	1468	1
1316	1468	1
1824	1468	1
1917	1468	1
1948	1468	1
2054	1468	1
193	1469	1
194	1469	1
323	1469	1
1221	1469	1
1159	1470	1
1209	1471	1
9	1472	1
77	1472	1
431	1472	1
500	1472	1
629	1472	1
975	1472	1
1217	1472	1
1218	1472	1
1302	1472	1
1335	1472	1
1360	1472	1
1615	1472	1
1724	1472	1
1725	1472	1
1940	1472	1
1967	1472	1
2034	1472	1
2040	1472	1
1134	1473	1
318	1474	1
321	1474	1
1580	1474	1
763	1475	1
410	1476	1
1072	1476	1
1420	1476	1
1441	1476	1
1887	1476	1
1901	1476	1
1904	1476	1
2103	1476	1
119	1477	1
1478	1477	1
1479	1477	1
1480	1477	1
1481	1477	1
67	1478	1
455	1478	1
1126	1478	1
1477	1478	1
1711	1478	1
2245	1478	1
67	1479	1
1126	1479	1
1477	1479	1
67	1480	1
1126	1480	1
1477	1480	1
67	1481	1
1126	1481	1
1477	1481	1
265	1482	1
770	1482	1
1375	1482	1
1377	1482	1
1488	1482	1
1489	1482	1
1505	1482	1
1622	1482	1
1737	1482	1
1765	1482	1
255	1483	1
1034	1483	1
1051	1483	1
1056	1483	1
1525	1483	1
1056	1484	1
1403	1485	1
433	1486	1
1487	1486	1
2167	1486	1
433	1487	1
434	1487	1
1486	1487	1
2167	1487	1
265	1488	1
770	1488	1
1375	1488	1
1377	1488	1
1482	1488	1
1489	1488	1
1505	1488	1
1622	1488	1
1737	1488	1
1765	1488	1
265	1489	1
770	1489	1
1375	1489	1
1377	1489	1
1482	1489	1
1488	1489	1
1622	1489	1
1737	1489	1
1765	1489	1
2017	1489	1
621	1490	1
396	1491	1
397	1491	1
1062	1491	1
1107	1491	1
1108	1491	1
1244	1491	1
1408	1491	1
1492	1491	1
1731	1491	1
1749	1491	1
1751	1491	1
1758	1491	1
1886	1491	1
2023	1491	1
1491	1492	1
246	1493	1
255	1493	1
352	1493	1
383	1493	1
400	1493	1
682	1493	1
732	1493	1
802	1493	1
1051	1493	1
1062	1493	1
1187	1493	1
1244	1493	1
1657	1493	1
1939	1493	1
67	1494	1
68	1494	1
91	1494	1
210	1494	1
213	1494	1
692	1494	1
912	1494	1
913	1494	1
914	1494	1
917	1494	1
1104	1494	1
1114	1494	1
1121	1494	1
1122	1494	1
1302	1494	1
1335	1494	1
1360	1494	1
1495	1494	1
1817	1494	1
1831	1494	1
1836	1494	1
1872	1494	1
1883	1494	1
1935	1494	1
1952	1494	1
1986	1494	1
1988	1494	1
1995	1494	1
67	1495	1
68	1495	1
91	1495	1
113	1495	1
210	1495	1
213	1495	1
322	1495	1
422	1495	1
892	1495	1
912	1495	1
913	1495	1
914	1495	1
917	1495	1
1104	1495	1
1114	1495	1
1121	1495	1
1122	1495	1
1156	1495	1
1163	1495	1
1253	1495	1
1254	1495	1
1261	1495	1
1262	1495	1
1273	1495	1
1305	1495	1
1494	1495	1
1817	1495	1
1831	1495	1
1836	1495	1
1872	1495	1
1883	1495	1
144	1496	1
537	1496	1
1090	1496	1
1091	1496	1
1704	1496	1
1764	1496	1
1952	1496	1
1986	1496	1
1988	1496	1
1995	1496	1
509	1497	1
757	1497	1
764	1497	1
909	1497	1
1042	1497	1
1173	1497	1
1255	1497	1
1379	1497	1
1543	1497	1
1610	1497	1
1623	1497	1
1660	1497	1
1691	1497	1
2032	1497	1
2045	1497	1
2051	1497	1
170	1498	1
279	1499	1
403	1499	1
432	1499	1
682	1499	1
802	1499	1
1169	1499	1
1423	1499	1
1424	1499	1
1464	1499	1
1578	1499	1
1631	1499	1
1639	1499	1
1726	1499	1
1845	1499	1
321	1500	1
1711	1500	1
2245	1500	1
539	1501	1
540	1501	1
1687	1501	1
1062	1502	1
1415	1502	1
1446	1502	1
1538	1502	1
1627	1502	1
112	1503	1
167	1503	1
175	1503	1
176	1503	1
177	1503	1
178	1503	1
179	1503	1
180	1503	1
181	1503	1
182	1503	1
183	1503	1
184	1503	1
185	1503	1
186	1503	1
187	1503	1
189	1503	1
190	1503	1
191	1503	1
192	1503	1
195	1503	1
334	1503	1
449	1503	1
518	1503	1
923	1503	1
924	1503	1
925	1503	1
926	1503	1
927	1503	1
928	1503	1
932	1503	1
933	1503	1
934	1503	1
935	1503	1
936	1503	1
937	1503	1
938	1503	1
939	1503	1
940	1503	1
941	1503	1
942	1503	1
943	1503	1
944	1503	1
949	1503	1
953	1503	1
954	1503	1
955	1503	1
1241	1503	1
1243	1503	1
1245	1503	1
1321	1503	1
1659	1503	1
1671	1503	1
303	1504	1
304	1504	1
333	1504	1
370	1504	1
387	1504	1
419	1504	1
421	1504	1
429	1504	1
451	1504	1
452	1504	1
493	1504	1
494	1504	1
511	1504	1
520	1504	1
691	1504	1
711	1504	1
1515	1504	1
1516	1504	1
1517	1504	1
1649	1504	1
1809	1504	1
265	1505	1
770	1505	1
1375	1505	1
1377	1505	1
1482	1505	1
1488	1505	1
1622	1505	1
1737	1505	1
1765	1505	1
2017	1505	1
470	1506	1
1123	1506	1
1298	1506	1
1337	1506	1
1942	1506	1
1968	1506	1
1970	1506	1
1225	1507	1
1432	1508	1
1463	1509	1
1777	1509	1
111	1510	1
1626	1510	1
1627	1510	1
321	1511	1
1420	1511	1
1441	1511	1
908	1512	1
1186	1513	1
905	1514	1
303	1515	1
304	1515	1
333	1515	1
370	1515	1
387	1515	1
419	1515	1
421	1515	1
429	1515	1
451	1515	1
452	1515	1
493	1515	1
494	1515	1
511	1515	1
520	1515	1
691	1515	1
711	1515	1
1504	1515	1
1516	1515	1
1517	1515	1
1649	1515	1
1809	1515	1
303	1516	1
304	1516	1
333	1516	1
370	1516	1
387	1516	1
419	1516	1
421	1516	1
429	1516	1
451	1516	1
452	1516	1
493	1516	1
494	1516	1
511	1516	1
520	1516	1
691	1516	1
711	1516	1
1504	1516	1
1515	1516	1
1517	1516	1
1649	1516	1
1809	1516	1
303	1517	1
304	1517	1
333	1517	1
370	1517	1
387	1517	1
419	1517	1
421	1517	1
429	1517	1
451	1517	1
452	1517	1
493	1517	1
494	1517	1
511	1517	1
520	1517	1
691	1517	1
711	1517	1
1504	1517	1
1515	1517	1
1516	1517	1
1649	1517	1
1809	1517	1
2082	1517	1
2083	1517	1
270	1518	1
271	1518	1
349	1518	1
350	1518	1
401	1518	1
635	1518	1
637	1518	1
688	1518	1
1110	1518	1
1168	1518	1
1238	1518	1
1301	1518	1
1353	1518	1
1430	1518	1
301	1519	1
25	1520	1
350	1520	1
1521	1520	1
1650	1520	1
25	1521	1
350	1521	1
1520	1521	1
1650	1521	1
1411	1522	1
418	1523	1
763	1523	1
1274	1523	1
72	1524	1
73	1524	1
353	1524	1
602	1524	1
603	1524	1
636	1524	1
647	1524	1
1118	1524	1
1318	1524	1
1770	1524	1
1787	1524	1
1994	1524	1
1483	1525	1
1337	1526	1
1420	1526	1
1441	1526	1
2066	1526	1
32	1527	1
33	1527	1
60	1527	1
61	1527	1
295	1527	1
297	1527	1
308	1527	1
321	1527	1
369	1527	1
394	1527	1
395	1527	1
1439	1527	1
763	1528	1
978	1529	1
979	1529	1
1071	1529	1
1366	1529	1
1392	1529	1
1724	1529	1
1725	1529	1
1895	1529	1
1922	1529	1
978	1530	1
979	1530	1
1071	1530	1
1366	1530	1
1392	1530	1
1724	1530	1
1725	1530	1
1895	1530	1
1922	1530	1
6	1531	1
109	1531	1
110	1531	1
239	1531	1
292	1531	1
313	1531	1
350	1531	1
469	1531	1
688	1531	1
1110	1531	1
1124	1531	1
1125	1531	1
1301	1531	1
1309	1531	1
1046	1532	1
108	1533	1
211	1533	1
212	1533	1
221	1533	1
222	1533	1
993	1533	1
1011	1533	1
1012	1533	1
1016	1533	1
1027	1533	1
1030	1533	1
1322	1533	1
2075	1533	1
321	1534	1
613	1534	1
433	1535	1
1536	1535	1
1711	1535	1
2245	1535	1
1535	1536	1
68	1537	1
91	1537	1
112	1537	1
175	1537	1
176	1537	1
177	1537	1
180	1537	1
183	1537	1
186	1537	1
190	1537	1
191	1537	1
192	1537	1
195	1537	1
204	1537	1
205	1537	1
206	1537	1
207	1537	1
223	1537	1
255	1537	1
305	1537	1
518	1537	1
923	1537	1
924	1537	1
932	1537	1
933	1537	1
936	1537	1
937	1537	1
949	1537	1
967	1537	1
1038	1537	1
1101	1537	1
1161	1537	1
1390	1537	1
1657	1537	1
233	1538	1
234	1538	1
317	1538	1
325	1538	1
326	1538	1
364	1538	1
541	1538	1
832	1538	1
1077	1538	1
1100	1538	1
1182	1538	1
1188	1538	1
1275	1538	1
1327	1538	1
1361	1538	1
1416	1538	1
1466	1538	1
1502	1538	1
1553	1538	1
976	1539	1
68	1540	1
91	1540	1
112	1540	1
175	1540	1
176	1540	1
177	1540	1
180	1540	1
183	1540	1
186	1540	1
190	1540	1
191	1540	1
192	1540	1
195	1540	1
204	1540	1
205	1540	1
206	1540	1
207	1540	1
223	1540	1
255	1540	1
305	1540	1
415	1540	1
518	1540	1
923	1540	1
924	1540	1
932	1540	1
933	1540	1
936	1540	1
937	1540	1
949	1540	1
967	1540	1
1038	1540	1
1101	1540	1
1161	1540	1
1390	1540	1
1657	1540	1
2214	1540	1
1004	1541	1
391	1542	1
411	1542	1
412	1542	1
1251	1542	1
1252	1542	1
1618	1542	1
325	1543	1
562	1543	1
882	1543	1
920	1543	1
1034	1543	1
1042	1543	1
1182	1543	1
1255	1543	1
1497	1543	1
1692	1543	1
2174	1543	1
21	1544	1
305	1544	1
447	1544	1
590	1544	1
1038	1544	1
1337	1544	1
1390	1544	1
1399	1544	1
1607	1544	1
1932	1544	1
1546	1545	1
1569	1545	1
1802	1545	1
1803	1545	1
1863	1545	1
1545	1546	1
1802	1546	1
1803	1546	1
1863	1546	1
21	1547	1
305	1547	1
447	1547	1
590	1547	1
1038	1547	1
1337	1547	1
1390	1547	1
1399	1547	1
1607	1547	1
1932	1547	1
1549	1548	1
17	1549	1
604	1549	1
1548	1549	1
170	1550	1
375	1551	1
1225	1551	1
2144	1551	1
2145	1551	1
2164	1551	1
321	1552	1
317	1553	1
325	1553	1
326	1553	1
364	1553	1
1182	1553	1
1188	1553	1
1275	1553	1
1327	1553	1
1361	1553	1
1538	1553	1
2	1554	1
99	1554	1
101	1554	1
131	1554	1
155	1554	1
156	1554	1
296	1554	1
309	1554	1
342	1554	1
373	1554	1
384	1554	1
386	1554	1
393	1554	1
402	1554	1
468	1554	1
478	1554	1
534	1554	1
663	1554	1
680	1554	1
862	1554	1
1104	1554	1
1561	1554	1
548	1555	1
20	1556	1
32	1556	1
61	1556	1
297	1556	1
306	1556	1
562	1556	1
592	1556	1
920	1556	1
1086	1556	1
1302	1556	1
1335	1556	1
1360	1556	1
1573	1556	1
1742	1556	1
1759	1556	1
1766	1556	1
1783	1556	1
1837	1556	1
1929	1556	1
2263	1556	1
1376	1557	1
249	1558	1
851	1559	1
988	1559	1
1560	1559	1
1656	1559	1
122	1560	1
851	1560	1
988	1560	1
992	1560	1
1192	1560	1
1366	1560	1
1392	1560	1
1559	1560	1
1575	1560	1
1586	1560	1
1621	1560	1
1643	1560	1
1644	1560	1
2	1561	1
99	1561	1
101	1561	1
131	1561	1
155	1561	1
156	1561	1
296	1561	1
309	1561	1
342	1561	1
373	1561	1
384	1561	1
386	1561	1
393	1561	1
402	1561	1
468	1561	1
478	1561	1
534	1561	1
663	1561	1
680	1561	1
862	1561	1
1104	1561	1
1554	1561	1
1337	1562	1
1420	1562	1
1441	1562	1
2066	1562	1
144	1563	1
517	1563	1
860	1563	1
962	1563	1
1564	1563	1
1675	1563	1
1695	1563	1
1696	1563	1
1735	1563	1
1563	1564	1
217	1565	1
224	1565	1
227	1565	1
396	1565	1
448	1565	1
516	1565	1
900	1565	1
1193	1565	1
1202	1565	1
1215	1565	1
1249	1565	1
1283	1565	1
1352	1565	1
1697	1565	1
1796	1565	1
1893	1565	1
1895	1565	1
1913	1565	1
1918	1565	1
1922	1565	1
2056	1565	1
1383	1566	1
1384	1566	1
1568	1567	1
2213	1567	1
1567	1568	1
1545	1569	1
1802	1569	1
1803	1569	1
1863	1569	1
362	1570	1
433	1570	1
254	1571	1
617	1571	1
1036	1572	1
20	1573	1
541	1573	1
1085	1573	1
1198	1573	1
1224	1573	1
1255	1573	1
1556	1573	1
1992	1573	1
573	1574	1
122	1575	1
851	1575	1
988	1575	1
992	1575	1
1425	1575	1
1560	1575	1
1896	1575	1
32	1576	1
33	1576	1
60	1576	1
61	1576	1
295	1576	1
297	1576	1
308	1576	1
472	1576	1
662	1576	1
678	1576	1
679	1576	1
1608	1576	1
117	1577	1
239	1577	1
262	1577	1
339	1577	1
496	1577	1
1110	1577	1
1124	1577	1
1447	1577	1
1582	1577	1
32	1578	1
61	1578	1
297	1578	1
403	1578	1
404	1578	1
432	1578	1
945	1578	1
946	1578	1
1169	1578	1
1423	1578	1
1464	1578	1
1499	1578	1
1775	1578	1
1821	1578	1
139	1579	1
910	1580	1
1474	1580	1
1004	1581	1
117	1582	1
238	1582	1
239	1582	1
262	1582	1
339	1582	1
496	1582	1
544	1582	1
1110	1582	1
1124	1582	1
1447	1582	1
1577	1582	1
254	1583	1
255	1583	1
448	1583	1
516	1583	1
1051	1583	1
1067	1583	1
1249	1583	1
21	1584	1
305	1584	1
447	1584	1
590	1584	1
1038	1584	1
1337	1584	1
1390	1584	1
1399	1584	1
1607	1584	1
1932	1584	1
321	1585	1
851	1586	1
988	1586	1
1560	1586	1
1656	1586	1
49	1587	1
51	1587	1
69	1587	1
71	1587	1
80	1587	1
97	1587	1
265	1587	1
456	1587	1
841	1587	1
1412	1587	1
246	1588	1
645	1588	1
761	1588	1
892	1588	1
1041	1588	1
1042	1588	1
1043	1588	1
1050	1588	1
1057	1588	1
1131	1588	1
1156	1588	1
1163	1588	1
1194	1588	1
1255	1588	1
1945	1588	1
1158	1589	1
396	1590	1
1932	1590	1
450	1591	1
417	1592	1
418	1592	1
443	1592	1
301	1593	1
664	1594	1
715	1594	1
1225	1595	1
1442	1595	1
321	1596	1
170	1597	1
171	1597	1
1598	1597	1
1599	1597	1
1600	1597	1
1601	1597	1
1602	1597	1
1806	1597	1
1969	1597	1
2067	1597	1
1597	1598	1
1601	1598	1
1700	1598	1
1939	1598	1
2008	1598	1
1597	1599	1
1601	1599	1
1700	1599	1
1939	1599	1
2008	1599	1
1597	1600	1
1601	1600	1
1700	1600	1
1939	1600	1
2008	1600	1
1597	1601	1
1598	1601	1
1599	1601	1
1600	1601	1
1602	1601	1
1597	1602	1
1601	1602	1
1700	1602	1
1939	1602	1
2008	1602	1
298	1603	1
353	1603	1
396	1603	1
636	1603	1
792	1603	1
853	1603	1
1033	1603	1
1166	1603	1
1167	1603	1
1175	1603	1
1274	1603	1
1302	1603	1
1304	1603	1
1318	1603	1
1325	1603	1
1335	1603	1
1360	1603	1
1604	1603	1
1834	1603	1
1887	1603	1
1904	1603	1
1917	1603	1
1948	1603	1
1979	1603	1
2054	1603	1
1603	1604	1
257	1605	1
447	1606	1
1607	1606	1
448	1607	1
516	1607	1
1192	1607	1
1193	1607	1
1202	1607	1
1215	1607	1
1249	1607	1
1544	1607	1
1547	1607	1
1584	1607	1
1606	1607	1
1665	1607	1
1668	1607	1
1855	1607	1
2050	1607	1
32	1608	1
33	1608	1
60	1608	1
61	1608	1
295	1608	1
297	1608	1
308	1608	1
472	1608	1
649	1608	1
662	1608	1
679	1608	1
1576	1608	1
1732	1608	1
1880	1608	1
1225	1609	1
325	1610	1
375	1610	1
562	1610	1
882	1610	1
920	1610	1
1034	1610	1
1042	1610	1
1182	1610	1
1255	1610	1
1497	1610	1
1692	1610	1
2174	1610	1
137	1611	1
2311	1611	1
30	1612	1
321	1612	1
325	1613	1
326	1613	1
364	1613	1
1182	1613	1
1188	1613	1
1275	1613	1
1896	1613	1
545	1614	1
1683	1614	1
2198	1614	1
78	1615	1
273	1615	1
425	1615	1
1049	1615	1
1472	1615	1
321	1616	1
433	1616	1
417	1617	1
418	1617	1
443	1617	1
391	1618	1
412	1618	1
1251	1618	1
1252	1618	1
1542	1618	1
276	1619	1
429	1620	1
1020	1620	1
851	1621	1
988	1621	1
1560	1621	1
1656	1621	1
265	1622	1
430	1622	1
770	1622	1
860	1622	1
875	1622	1
1260	1622	1
1292	1622	1
1302	1622	1
1316	1622	1
1375	1622	1
1377	1622	1
1482	1622	1
1488	1622	1
1489	1622	1
1505	1622	1
1723	1622	1
1737	1622	1
1765	1622	1
1841	1622	1
1947	1622	1
170	1623	1
325	1623	1
562	1623	1
882	1623	1
920	1623	1
1034	1623	1
1042	1623	1
1182	1623	1
1255	1623	1
1497	1623	1
1692	1623	1
2174	1623	1
68	1624	1
91	1624	1
112	1624	1
175	1624	1
176	1624	1
177	1624	1
180	1624	1
183	1624	1
186	1624	1
190	1624	1
191	1624	1
192	1624	1
195	1624	1
204	1624	1
205	1624	1
206	1624	1
207	1624	1
223	1624	1
255	1624	1
305	1624	1
518	1624	1
923	1624	1
924	1624	1
932	1624	1
933	1624	1
936	1624	1
937	1624	1
949	1624	1
967	1624	1
1038	1624	1
1101	1624	1
1161	1624	1
1390	1624	1
1657	1624	1
322	1625	1
1390	1626	1
1403	1626	1
1510	1626	1
1627	1626	1
1100	1627	1
1416	1627	1
1466	1627	1
1502	1627	1
1510	1627	1
1626	1627	1
1916	1627	1
1959	1627	1
178	1628	1
179	1628	1
206	1628	1
342	1628	1
645	1628	1
1118	1628	1
1256	1628	1
1426	1628	1
1449	1628	1
474	1629	1
1208	1629	1
1284	1629	1
905	1630	1
352	1631	1
404	1631	1
1499	1631	1
579	1632	1
699	1632	1
1462	1632	1
2103	1632	1
2187	1632	1
2370	1632	1
2371	1632	1
1005	1633	1
1005	1634	1
761	1635	1
1036	1635	1
1636	1635	1
1876	1635	1
1635	1636	1
170	1637	1
27	1638	1
352	1639	1
404	1639	1
1499	1639	1
1390	1640	1
1390	1641	1
1363	1642	1
122	1643	1
851	1643	1
988	1643	1
992	1643	1
1425	1643	1
1560	1643	1
1896	1643	1
851	1644	1
988	1644	1
1560	1644	1
1656	1644	1
438	1645	1
439	1645	1
467	1645	1
523	1645	1
1754	1645	1
1798	1645	1
2106	1645	1
1225	1646	1
64	1647	1
244	1647	1
686	1647	1
985	1647	1
1733	1647	1
1738	1647	1
2123	1647	1
103	1648	1
166	1648	1
1210	1648	1
303	1649	1
304	1649	1
333	1649	1
370	1649	1
387	1649	1
419	1649	1
421	1649	1
429	1649	1
451	1649	1
452	1649	1
493	1649	1
494	1649	1
691	1649	1
711	1649	1
1504	1649	1
1515	1649	1
1516	1649	1
1517	1649	1
1809	1649	1
25	1650	1
350	1650	1
1520	1650	1
1521	1650	1
209	1651	1
228	1651	1
229	1651	1
315	1651	1
1293	1651	1
1419	1651	1
537	1652	1
1090	1652	1
1302	1652	1
1335	1652	1
1360	1652	1
1831	1652	1
1836	1652	1
1883	1652	1
1041	1653	1
1042	1653	1
1043	1653	1
1050	1653	1
1185	1653	1
1831	1653	1
1836	1653	1
1883	1653	1
909	1654	1
170	1655	1
1173	1656	1
1260	1656	1
1292	1656	1
1302	1656	1
1316	1656	1
1559	1656	1
1586	1656	1
1621	1656	1
1644	1656	1
1660	1656	1
1691	1656	1
67	1657	1
254	1657	1
255	1657	1
482	1657	1
681	1657	1
1051	1657	1
1067	1657	1
1256	1657	1
1257	1657	1
1266	1657	1
1277	1657	1
1493	1657	1
1537	1657	1
1540	1657	1
1624	1657	1
1717	1657	1
1035	1658	1
1171	1658	1
112	1659	1
175	1659	1
176	1659	1
177	1659	1
180	1659	1
183	1659	1
186	1659	1
190	1659	1
191	1659	1
192	1659	1
195	1659	1
334	1659	1
449	1659	1
518	1659	1
923	1659	1
924	1659	1
932	1659	1
933	1659	1
936	1659	1
937	1659	1
949	1659	1
1241	1659	1
1243	1659	1
1245	1659	1
1321	1659	1
1443	1659	1
1446	1659	1
1503	1659	1
1671	1659	1
244	1660	1
318	1660	1
629	1660	1
1245	1660	1
1497	1660	1
1656	1660	1
1692	1660	1
1733	1660	1
321	1661	1
1455	1662	1
1663	1662	1
1662	1663	1
391	1664	1
412	1664	1
447	1665	1
866	1665	1
974	1665	1
1154	1665	1
1155	1665	1
1260	1665	1
1265	1665	1
1292	1665	1
1295	1665	1
1302	1665	1
1316	1665	1
1403	1665	1
1607	1665	1
1881	1665	1
2057	1665	1
905	1666	1
321	1667	1
905	1667	1
447	1668	1
1087	1668	1
1194	1668	1
1393	1668	1
1607	1668	1
1712	1668	1
1713	1668	1
1740	1668	1
1828	1668	1
178	1669	1
235	1669	1
1118	1669	1
1426	1669	1
1449	1669	1
498	1670	1
112	1671	1
167	1671	1
175	1671	1
176	1671	1
177	1671	1
180	1671	1
183	1671	1
186	1671	1
190	1671	1
191	1671	1
192	1671	1
195	1671	1
323	1671	1
334	1671	1
449	1671	1
518	1671	1
923	1671	1
924	1671	1
932	1671	1
933	1671	1
936	1671	1
937	1671	1
949	1671	1
1221	1671	1
1241	1671	1
1243	1671	1
1245	1671	1
1321	1671	1
1443	1671	1
1446	1671	1
1503	1671	1
1659	1671	1
1985	1671	1
2052	1671	1
284	1672	1
285	1672	1
319	1672	1
329	1672	1
331	1672	1
344	1672	1
1058	1672	1
1059	1672	1
1065	1672	1
1066	1672	1
1099	1672	1
1144	1672	1
567	1673	1
579	1673	1
113	1674	1
205	1674	1
210	1674	1
275	1674	1
432	1674	1
492	1674	1
516	1674	1
892	1674	1
1121	1674	1
1706	1674	1
1708	1674	1
1772	1674	1
1774	1674	1
144	1675	1
962	1675	1
1411	1675	1
1563	1675	1
1677	1675	1
1697	1675	1
2030	1675	1
2	1676	1
288	1676	1
375	1676	1
2230	1676	1
267	1677	1
1126	1677	1
1161	1677	1
1162	1677	1
1164	1677	1
1675	1677	1
1695	1677	1
1696	1677	1
1735	1677	1
1751	1677	1
1902	1677	1
1944	1677	1
2069	1677	1
1111	1678	1
1112	1678	1
1113	1678	1
1111	1679	1
1112	1679	1
1113	1679	1
1260	1679	1
1291	1679	1
1292	1679	1
1302	1679	1
1316	1679	1
1335	1679	1
1360	1679	1
1804	1679	1
836	1680	1
1034	1681	1
1442	1681	1
952	1682	1
1858	1682	1
545	1683	1
1614	1683	1
1685	1684	1
1686	1684	1
518	1685	1
949	1685	1
1684	1685	1
1786	1685	1
518	1686	1
949	1686	1
1684	1686	1
1786	1686	1
539	1687	1
540	1687	1
767	1687	1
768	1687	1
1260	1687	1
1292	1687	1
1302	1687	1
1316	1687	1
1328	1687	1
1501	1687	1
1723	1687	1
1841	1687	1
2022	1687	1
1225	1688	1
244	1689	1
686	1689	1
1733	1689	1
40	1690	1
91	1690	1
258	1690	1
524	1690	1
1438	1690	1
1838	1690	1
244	1691	1
629	1691	1
1245	1691	1
1497	1691	1
1656	1691	1
1692	1691	1
1711	1691	1
1733	1691	1
509	1692	1
757	1692	1
764	1692	1
1042	1692	1
1173	1692	1
1255	1692	1
1379	1692	1
1543	1692	1
1610	1692	1
1623	1692	1
1660	1692	1
1691	1692	1
2032	1692	1
2045	1692	1
2051	1692	1
6	1693	1
1110	1693	1
1213	1693	1
243	1694	1
1748	1694	1
1870	1694	1
2098	1694	1
2157	1694	1
144	1695	1
962	1695	1
1411	1695	1
1563	1695	1
1677	1695	1
1697	1695	1
2030	1695	1
144	1696	1
962	1696	1
1411	1696	1
1563	1696	1
1677	1696	1
1697	1696	1
2030	1696	1
246	1697	1
504	1697	1
562	1697	1
920	1697	1
1052	1697	1
1192	1697	1
1193	1697	1
1202	1697	1
1215	1697	1
1265	1697	1
1393	1697	1
1565	1697	1
1675	1697	1
1695	1697	1
1696	1697	1
1735	1697	1
1782	1697	1
1783	1697	1
1789	1697	1
1961	1697	1
2003	1697	1
170	1698	1
2146	1698	1
1302	1699	1
1335	1699	1
1360	1699	1
300	1700	1
306	1700	1
1177	1700	1
1598	1700	1
1599	1700	1
1600	1700	1
1602	1700	1
1701	1700	1
1821	1700	1
1890	1700	1
1951	1700	1
1700	1701	1
116	1702	1
375	1702	1
537	1702	1
1090	1702	1
1302	1702	1
1335	1702	1
1360	1702	1
1831	1702	1
1836	1702	1
1883	1702	1
1704	1703	1
202	1704	1
283	1704	1
487	1704	1
537	1704	1
995	1704	1
996	1704	1
1090	1704	1
1091	1704	1
1102	1704	1
1325	1704	1
1367	1704	1
1496	1704	1
1703	1704	1
1724	1704	1
1725	1704	1
254	1705	1
255	1705	1
474	1705	1
1051	1705	1
1067	1705	1
1192	1705	1
1193	1705	1
1202	1705	1
1208	1705	1
1215	1705	1
2014	1705	1
2020	1705	1
113	1706	1
205	1706	1
210	1706	1
275	1706	1
432	1706	1
492	1706	1
516	1706	1
892	1706	1
1121	1706	1
1674	1706	1
1708	1706	1
1772	1706	1
1774	1706	1
562	1707	1
920	1707	1
1393	1707	1
1782	1707	1
1917	1707	1
1948	1707	1
1989	1707	1
2001	1707	1
2054	1707	1
113	1708	1
205	1708	1
210	1708	1
275	1708	1
432	1708	1
492	1708	1
516	1708	1
892	1708	1
1121	1708	1
1674	1708	1
1706	1708	1
1772	1708	1
1774	1708	1
970	1709	1
311	1710	1
763	1710	1
553	1711	1
672	1711	1
727	1711	1
756	1711	1
781	1711	1
782	1711	1
831	1711	1
863	1711	1
903	1711	1
1173	1711	1
1174	1711	1
1199	1711	1
1225	1711	1
1478	1711	1
1500	1711	1
1535	1711	1
1691	1711	1
1894	1711	1
2112	1711	1
2139	1711	1
2245	1711	1
2252	1711	1
2295	1711	1
2300	1711	1
2313	1711	1
2314	1711	1
2315	1711	1
2316	1711	1
2317	1711	1
2318	1711	1
2319	1711	1
2320	1711	1
2321	1711	1
2322	1711	1
2328	1711	1
2331	1711	1
2334	1711	1
431	1712	1
1072	1712	1
1668	1712	1
1713	1712	1
1806	1712	1
1828	1712	1
1855	1712	1
1998	1712	1
1087	1713	1
1668	1713	1
1712	1713	1
1740	1713	1
1855	1713	1
1715	1714	1
1714	1715	1
1898	1715	1
1899	1715	1
1900	1715	1
304	1716	1
440	1716	1
441	1716	1
506	1716	1
1421	1716	1
246	1717	1
255	1717	1
352	1717	1
383	1717	1
400	1717	1
682	1717	1
802	1717	1
1051	1717	1
1062	1717	1
1187	1717	1
1244	1717	1
1657	1717	1
1939	1717	1
392	1718	1
1225	1719	1
945	1720	1
946	1720	1
1295	1720	1
1775	1720	1
896	1721	1
270	1722	1
271	1722	1
349	1722	1
350	1722	1
635	1722	1
637	1722	1
688	1722	1
1168	1722	1
1301	1722	1
1430	1722	1
875	1723	1
1302	1723	1
1335	1723	1
1360	1723	1
1622	1723	1
1687	1723	1
1724	1723	1
1725	1723	1
1947	1723	1
369	1724	1
1195	1724	1
1222	1724	1
1227	1724	1
1337	1724	1
1440	1724	1
1472	1724	1
1529	1724	1
1530	1724	1
1704	1724	1
1723	1724	1
1764	1724	1
1841	1724	1
369	1725	1
1195	1725	1
1222	1725	1
1227	1725	1
1337	1725	1
1440	1725	1
1472	1725	1
1529	1725	1
1530	1725	1
1704	1725	1
1723	1725	1
1764	1725	1
1841	1725	1
404	1726	1
900	1726	1
1283	1726	1
1352	1726	1
1499	1726	1
410	1727	1
510	1727	1
547	1727	1
1771	1727	1
771	1728	1
1366	1729	1
1392	1729	1
1730	1729	1
1729	1730	1
1734	1730	1
1274	1731	1
1491	1731	1
1608	1732	1
7	1733	1
8	1733	1
28	1733	1
41	1733	1
42	1733	1
233	1733	1
234	1733	1
244	1733	1
269	1733	1
289	1733	1
307	1733	1
311	1733	1
410	1733	1
832	1733	1
882	1733	1
1077	1733	1
1152	1733	1
1173	1733	1
1174	1733	1
1647	1733	1
1660	1733	1
1689	1733	1
1691	1733	1
1892	1733	1
1901	1733	1
1958	1733	1
2000	1733	1
2215	1733	1
2216	1733	1
2217	1733	1
514	1734	1
1730	1734	1
144	1735	1
962	1735	1
1411	1735	1
1563	1735	1
1677	1735	1
1697	1735	1
2030	1735	1
982	1736	1
265	1737	1
770	1737	1
1180	1737	1
1375	1737	1
1377	1737	1
1482	1737	1
1488	1737	1
1489	1737	1
1505	1737	1
1622	1737	1
1251	1738	1
1647	1738	1
1225	1739	1
431	1740	1
1072	1740	1
1668	1740	1
1713	1740	1
1806	1740	1
1828	1740	1
1855	1740	1
1998	1740	1
226	1741	1
1556	1742	1
1743	1742	1
1742	1743	1
1759	1743	1
1766	1743	1
1837	1743	1
1183	1744	1
1217	1744	1
1264	1744	1
1297	1744	1
1399	1744	1
1932	1744	1
1746	1745	1
1092	1746	1
1745	1746	1
894	1747	1
243	1748	1
1694	1748	1
1870	1748	1
1274	1749	1
1491	1749	1
117	1750	1
239	1750	1
144	1751	1
396	1751	1
397	1751	1
882	1751	1
1302	1751	1
1335	1751	1
1360	1751	1
1408	1751	1
1491	1751	1
1677	1751	1
1902	1751	1
1944	1751	1
2023	1751	1
1186	1752	1
763	1753	1
433	1754	1
467	1754	1
1645	1754	1
763	1755	1
725	1756	1
170	1757	1
1274	1758	1
1491	1758	1
1556	1759	1
1743	1759	1
8	1760	1
108	1760	1
400	1761	1
978	1761	1
979	1761	1
1013	1761	1
1026	1761	1
1028	1761	1
1071	1761	1
668	1762	1
916	1762	1
1455	1762	1
763	1763	1
202	1764	1
283	1764	1
487	1764	1
537	1764	1
995	1764	1
996	1764	1
1090	1764	1
1091	1764	1
1102	1764	1
1325	1764	1
1367	1764	1
1496	1764	1
1724	1764	1
1725	1764	1
265	1765	1
770	1765	1
1180	1765	1
1375	1765	1
1377	1765	1
1482	1765	1
1488	1765	1
1489	1765	1
1505	1765	1
1622	1765	1
1556	1766	1
1743	1766	1
763	1767	1
985	1768	1
170	1769	1
353	1770	1
636	1770	1
1318	1770	1
1524	1770	1
242	1771	1
410	1771	1
466	1771	1
579	1771	1
1727	1771	1
113	1772	1
205	1772	1
210	1772	1
275	1772	1
432	1772	1
492	1772	1
516	1772	1
892	1772	1
1121	1772	1
1674	1772	1
1706	1772	1
1708	1772	1
1774	1772	1
761	1773	1
113	1774	1
205	1774	1
210	1774	1
275	1774	1
432	1774	1
492	1774	1
516	1774	1
892	1774	1
1121	1774	1
1674	1774	1
1706	1774	1
1708	1774	1
1772	1774	1
1578	1775	1
1720	1775	1
1776	1775	1
1780	1775	1
312	1776	1
397	1776	1
945	1776	1
946	1776	1
1194	1776	1
1408	1776	1
1775	1776	1
375	1777	1
1509	1777	1
170	1778	1
321	1779	1
312	1780	1
397	1780	1
945	1780	1
946	1780	1
1194	1780	1
1408	1780	1
1775	1780	1
579	1781	1
617	1781	1
2252	1781	1
2365	1781	1
273	1782	1
962	1782	1
1038	1782	1
1101	1782	1
1393	1782	1
1697	1782	1
1707	1782	1
1783	1782	1
1873	1782	1
1955	1782	1
2004	1782	1
2011	1782	1
1556	1783	1
1697	1783	1
1782	1783	1
321	1784	1
1225	1785	1
1685	1786	1
1686	1786	1
353	1787	1
636	1787	1
1318	1787	1
1524	1787	1
318	1788	1
1697	1789	1
29	1790	1
629	1790	1
897	1791	1
1793	1792	1
217	1793	1
219	1793	1
220	1793	1
224	1793	1
227	1793	1
1792	1793	1
139	1794	1
1796	1795	1
504	1796	1
1565	1796	1
1795	1796	1
1834	1796	1
458	1797	1
474	1797	1
591	1797	1
1056	1797	1
1208	1797	1
1891	1797	1
1910	1797	1
1912	1797	1
1915	1797	1
433	1798	1
438	1798	1
439	1798	1
467	1798	1
523	1798	1
1645	1798	1
763	1799	1
1801	1800	1
130	1801	1
385	1801	1
421	1801	1
691	1801	1
1800	1801	1
2083	1801	1
562	1802	1
920	1802	1
1393	1802	1
1545	1802	1
1546	1802	1
1569	1802	1
1803	1802	1
1806	1802	1
1863	1802	1
1545	1803	1
1546	1803	1
1569	1803	1
1802	1803	1
1806	1803	1
1111	1804	1
1112	1804	1
1113	1804	1
1291	1804	1
1679	1804	1
906	1805	1
170	1806	1
171	1806	1
431	1806	1
1087	1806	1
1281	1806	1
1427	1806	1
1460	1806	1
1597	1806	1
1712	1806	1
1740	1806	1
1802	1806	1
1803	1806	1
1863	1806	1
1982	1806	1
1996	1806	1
2012	1806	1
763	1807	1
1034	1808	1
1442	1808	1
303	1809	1
304	1809	1
333	1809	1
370	1809	1
387	1809	1
419	1809	1
421	1809	1
429	1809	1
451	1809	1
452	1809	1
493	1809	1
494	1809	1
691	1809	1
711	1809	1
1504	1809	1
1515	1809	1
1516	1809	1
1517	1809	1
1649	1809	1
1225	1810	1
584	1811	1
170	1812	1
584	1813	1
450	1814	1
1816	1815	1
433	1816	1
816	1816	1
1815	1816	1
2167	1816	1
1494	1817	1
1495	1817	1
1225	1818	1
170	1819	1
92	1820	1
215	1821	1
476	1821	1
1578	1821	1
1700	1821	1
407	1822	1
1176	1822	1
29	1823	1
629	1823	1
1219	1824	1
1327	1824	1
1328	1824	1
1361	1824	1
1468	1824	1
1827	1824	1
1890	1824	1
1951	1824	1
821	1825	1
174	1826	1
1117	1827	1
1824	1827	1
1087	1828	1
1668	1828	1
1712	1828	1
1740	1828	1
1855	1828	1
1004	1829	1
500	1830	1
537	1830	1
1090	1830	1
9	1831	1
68	1831	1
91	1831	1
567	1831	1
590	1831	1
975	1831	1
1185	1831	1
1494	1831	1
1495	1831	1
1652	1831	1
1653	1831	1
1702	1831	1
228	1832	1
622	1833	1
1187	1834	1
1302	1834	1
1335	1834	1
1360	1834	1
1603	1834	1
1796	1834	1
1893	1834	1
2056	1834	1
127	1835	1
9	1836	1
68	1836	1
91	1836	1
567	1836	1
590	1836	1
975	1836	1
1185	1836	1
1494	1836	1
1495	1836	1
1652	1836	1
1653	1836	1
1702	1836	1
1556	1837	1
1743	1837	1
40	1838	1
91	1838	1
258	1838	1
524	1838	1
1438	1838	1
1690	1838	1
906	1839	1
1225	1840	1
875	1841	1
1302	1841	1
1335	1841	1
1360	1841	1
1622	1841	1
1687	1841	1
1724	1841	1
1725	1841	1
1947	1841	1
982	1842	1
2372	1842	1
501	1843	1
258	1844	1
407	1844	1
1176	1844	1
404	1845	1
900	1845	1
1283	1845	1
1352	1845	1
1499	1845	1
346	1846	1
1111	1847	1
1112	1847	1
1113	1847	1
1228	1848	1
40	1849	1
42	1849	1
45	1849	1
68	1849	1
335	1849	1
413	1849	1
463	1849	1
464	1849	1
1197	1849	1
1035	1850	1
1853	1850	1
202	1851	1
487	1851	1
509	1851	1
1379	1851	1
127	1852	1
1265	1852	1
1302	1853	1
1335	1853	1
1360	1853	1
1850	1853	1
321	1854	1
447	1855	1
1087	1855	1
1194	1855	1
1393	1855	1
1607	1855	1
1712	1855	1
1713	1855	1
1740	1855	1
1828	1855	1
174	1856	1
500	1857	1
537	1857	1
1090	1857	1
1682	1858	1
1314	1859	1
93	1860	1
732	1861	1
318	1862	1
1545	1863	1
1546	1863	1
1569	1863	1
1802	1863	1
1806	1863	1
689	1864	1
1005	1865	1
689	1866	1
450	1867	1
573	1868	1
1225	1868	1
2210	1868	1
2331	1868	1
450	1869	1
243	1870	1
1694	1870	1
1748	1870	1
1006	1871	1
67	1872	1
68	1872	1
91	1872	1
113	1872	1
210	1872	1
213	1872	1
322	1872	1
422	1872	1
892	1872	1
912	1872	1
913	1872	1
914	1872	1
917	1872	1
1104	1872	1
1114	1872	1
1121	1872	1
1122	1872	1
1156	1872	1
1163	1872	1
1253	1872	1
1254	1872	1
1261	1872	1
1262	1872	1
1273	1872	1
1305	1872	1
1311	1872	1
1494	1872	1
1495	1872	1
562	1873	1
920	1873	1
1393	1873	1
1782	1873	1
1917	1873	1
1948	1873	1
1989	1873	1
2001	1873	1
2054	1873	1
1875	1874	1
1264	1875	1
1297	1875	1
1874	1875	1
1937	1875	1
1938	1875	1
1994	1875	1
1635	1876	1
1046	1877	1
262	1878	1
544	1878	1
866	1879	1
996	1879	1
1425	1879	1
1881	1879	1
1983	1879	1
2019	1879	1
2021	1879	1
2025	1879	1
2037	1879	1
2055	1879	1
2245	1879	1
32	1880	1
33	1880	1
60	1880	1
61	1880	1
295	1880	1
297	1880	1
308	1880	1
472	1880	1
650	1880	1
662	1880	1
679	1880	1
1608	1880	1
1926	1880	1
1158	1881	1
1265	1881	1
1665	1881	1
1879	1881	1
321	1882	1
1302	1882	1
1335	1882	1
1360	1882	1
9	1883	1
68	1883	1
91	1883	1
375	1883	1
567	1883	1
590	1883	1
975	1883	1
1185	1883	1
1494	1883	1
1495	1883	1
1652	1883	1
1653	1883	1
1702	1883	1
1300	1884	1
391	1885	1
1274	1886	1
1491	1886	1
62	1887	1
63	1887	1
1476	1887	1
1603	1887	1
1888	1887	1
537	1888	1
682	1888	1
802	1888	1
1090	1888	1
1887	1888	1
1904	1888	1
211	1889	1
212	1889	1
221	1889	1
222	1889	1
993	1889	1
1161	1889	1
1041	1890	1
1043	1890	1
1050	1890	1
1327	1890	1
1361	1890	1
1700	1890	1
1824	1890	1
325	1891	1
1182	1891	1
1797	1891	1
244	1892	1
1442	1892	1
1733	1892	1
504	1893	1
1565	1893	1
1834	1893	1
288	1894	1
562	1894	1
594	1894	1
920	1894	1
1157	1894	1
1711	1894	1
1975	1894	1
2245	1894	1
369	1895	1
504	1895	1
978	1895	1
979	1895	1
1101	1895	1
1194	1895	1
1240	1895	1
1529	1895	1
1530	1895	1
1565	1895	1
364	1896	1
1275	1896	1
1575	1896	1
1613	1896	1
1643	1896	1
1898	1897	1
1899	1897	1
1900	1897	1
562	1898	1
920	1898	1
1715	1898	1
1897	1898	1
2047	1898	1
2048	1898	1
562	1899	1
920	1899	1
1715	1899	1
1897	1899	1
2047	1899	1
2048	1899	1
288	1900	1
289	1900	1
432	1900	1
997	1900	1
999	1900	1
1001	1900	1
1003	1900	1
1152	1900	1
1157	1900	1
1169	1900	1
1260	1900	1
1292	1900	1
1302	1900	1
1316	1900	1
1715	1900	1
1897	1900	1
2047	1900	1
62	1901	1
63	1901	1
244	1901	1
1302	1901	1
1335	1901	1
1360	1901	1
1476	1901	1
1733	1901	1
144	1902	1
1677	1902	1
1751	1902	1
1903	1902	1
1905	1902	1
273	1903	1
1902	1903	1
1944	1903	1
62	1904	1
63	1904	1
1476	1904	1
1603	1904	1
1888	1904	1
273	1905	1
1902	1905	1
1944	1905	1
564	1906	1
1102	1906	1
1183	1906	1
1192	1906	1
1907	1906	1
395	1907	1
757	1907	1
764	1907	1
1193	1907	1
1202	1907	1
1215	1907	1
1906	1907	1
1956	1907	1
2031	1907	1
2045	1907	1
997	1908	1
998	1908	1
999	1908	1
1001	1908	1
1003	1908	1
1017	1908	1
1031	1908	1
246	1909	1
247	1909	1
248	1909	1
474	1910	1
591	1910	1
1034	1910	1
1208	1910	1
1797	1910	1
1913	1910	1
1274	1911	1
474	1912	1
591	1912	1
1034	1912	1
1208	1912	1
1797	1912	1
1913	1912	1
448	1913	1
504	1913	1
516	1913	1
560	1913	1
702	1913	1
1153	1913	1
1193	1913	1
1202	1913	1
1215	1913	1
1249	1913	1
1289	1913	1
1317	1913	1
1336	1913	1
1354	1913	1
1565	1913	1
1910	1913	1
1912	1913	1
1915	1913	1
1302	1914	1
1335	1914	1
1337	1914	1
1360	1914	1
474	1915	1
591	1915	1
1034	1915	1
1208	1915	1
1797	1915	1
1913	1915	1
64	1916	1
283	1916	1
377	1916	1
1192	1916	1
1302	1916	1
1326	1916	1
1335	1916	1
1360	1916	1
1396	1916	1
1627	1916	1
1992	1916	1
2055	1916	1
9	1917	1
975	1917	1
1240	1917	1
1468	1917	1
1603	1917	1
1707	1917	1
1873	1917	1
1927	1917	1
1930	1917	1
1948	1917	1
2054	1917	1
504	1918	1
1565	1918	1
485	1919	1
1438	1919	1
1920	1919	1
1921	1919	1
1919	1920	1
2029	1920	1
1919	1921	1
2029	1921	1
369	1922	1
504	1922	1
978	1922	1
979	1922	1
1101	1922	1
1194	1922	1
1240	1922	1
1529	1922	1
1530	1922	1
1565	1922	1
614	1923	1
1924	1923	1
1923	1924	1
2049	1924	1
995	1925	1
432	1926	1
649	1926	1
1169	1926	1
1880	1926	1
1192	1927	1
1280	1927	1
1917	1927	1
1948	1927	1
2054	1927	1
194	1928	1
2015	1928	1
2064	1928	1
170	1929	1
171	1929	1
272	1929	1
1148	1929	1
1150	1929	1
1556	1929	1
1994	1929	1
1192	1930	1
1280	1930	1
1917	1930	1
1948	1930	1
2054	1930	1
273	1931	1
300	1931	1
485	1931	1
1423	1931	1
1438	1931	1
1464	1931	1
1544	1932	1
1547	1932	1
1584	1932	1
1590	1932	1
1744	1932	1
305	1933	1
1177	1933	1
305	1934	1
1177	1934	1
414	1935	1
1177	1935	1
1494	1935	1
1264	1936	1
1297	1936	1
1937	1936	1
1938	1936	1
1994	1936	1
1875	1937	1
1936	1937	1
2026	1937	1
1875	1938	1
1936	1938	1
2026	1938	1
681	1939	1
1493	1939	1
1598	1939	1
1599	1939	1
1600	1939	1
1602	1939	1
1717	1939	1
1194	1940	1
1472	1940	1
1941	1940	1
1940	1941	1
1967	1941	1
2034	1941	1
2040	1941	1
500	1942	1
1013	1942	1
1022	1942	1
1023	1942	1
1506	1942	1
1943	1942	1
1945	1942	1
1946	1942	1
470	1943	1
1942	1943	1
1968	1943	1
144	1944	1
1677	1944	1
1751	1944	1
1903	1944	1
1905	1944	1
470	1945	1
1588	1945	1
1942	1945	1
1968	1945	1
2247	1945	1
470	1946	1
1942	1946	1
1968	1946	1
860	1947	1
1008	1947	1
1009	1947	1
1622	1947	1
1723	1947	1
1841	1947	1
9	1948	1
975	1948	1
1240	1948	1
1468	1948	1
1603	1948	1
1707	1948	1
1873	1948	1
1917	1948	1
1927	1948	1
1930	1948	1
765	1949	1
996	1949	1
1239	1949	1
1310	1949	1
1983	1949	1
2019	1949	1
2037	1949	1
655	1950	1
1972	1950	1
1041	1951	1
1043	1951	1
1050	1951	1
1327	1951	1
1361	1951	1
1700	1951	1
1824	1951	1
882	1952	1
1192	1952	1
1280	1952	1
1325	1952	1
1494	1952	1
1496	1952	1
882	1953	1
246	1954	1
247	1954	1
248	1954	1
882	1955	1
1212	1955	1
1782	1955	1
1965	1955	1
564	1956	1
1102	1956	1
1183	1956	1
1192	1956	1
1907	1956	1
144	1957	1
244	1958	1
1442	1958	1
1733	1958	1
64	1959	1
283	1959	1
1192	1959	1
1302	1959	1
1326	1959	1
1335	1959	1
1360	1959	1
1396	1959	1
1627	1959	1
1992	1959	1
2055	1959	1
1442	1960	1
2005	1960	1
2006	1960	1
2007	1960	1
2035	1960	1
2036	1960	1
1697	1961	1
1420	1962	1
1441	1962	1
1265	1963	1
289	1964	1
1152	1964	1
1302	1964	1
1335	1964	1
1360	1964	1
1955	1965	1
1991	1965	1
2011	1965	1
1302	1966	1
1335	1966	1
1337	1966	1
1360	1966	1
1194	1967	1
1472	1967	1
1941	1967	1
500	1968	1
1013	1968	1
1022	1968	1
1023	1968	1
1506	1968	1
1943	1968	1
1945	1968	1
1946	1968	1
1597	1969	1
1083	1970	1
1084	1970	1
1093	1970	1
1097	1970	1
1098	1970	1
1123	1970	1
1298	1970	1
1337	1970	1
1506	1970	1
1393	1971	1
562	1972	1
900	1972	1
920	1972	1
1283	1972	1
1352	1972	1
1950	1972	1
1974	1972	1
1393	1973	1
655	1974	1
1972	1974	1
217	1975	1
224	1975	1
227	1975	1
272	1975	1
595	1975	1
765	1975	1
1148	1975	1
1150	1975	1
1239	1975	1
1240	1975	1
1310	1975	1
1894	1975	1
1977	1975	1
1979	1975	1
1980	1975	1
1981	1975	1
1393	1976	1
288	1977	1
562	1977	1
594	1977	1
920	1977	1
1157	1977	1
1975	1977	1
418	1978	1
1274	1978	1
594	1979	1
595	1979	1
1603	1979	1
1975	1979	1
594	1980	1
1044	1980	1
1425	1980	1
1975	1980	1
594	1981	1
1044	1981	1
1425	1981	1
1975	1981	1
1806	1982	1
996	1983	1
1044	1983	1
1425	1983	1
1879	1983	1
1949	1983	1
1984	1983	1
996	1984	1
1983	1984	1
2019	1984	1
2037	1984	1
1671	1985	1
882	1986	1
1192	1986	1
1280	1986	1
1325	1986	1
1494	1986	1
1496	1986	1
473	1987	1
1331	1987	1
882	1988	1
1192	1988	1
1280	1988	1
1325	1988	1
1494	1988	1
1496	1988	1
151	1989	1
152	1989	1
1707	1989	1
1873	1989	1
1194	1990	1
1432	1990	1
326	1991	1
1188	1991	1
1212	1991	1
1965	1991	1
217	1992	1
219	1992	1
220	1992	1
224	1992	1
227	1992	1
272	1992	1
283	1992	1
1148	1992	1
1150	1992	1
1573	1992	1
1916	1992	1
1959	1992	1
397	1993	1
667	1993	1
668	1993	1
1408	1993	1
1524	1994	1
1875	1994	1
1929	1994	1
1936	1994	1
2026	1994	1
882	1995	1
1192	1995	1
1280	1995	1
1325	1995	1
1494	1995	1
1496	1995	1
1084	1996	1
1806	1996	1
1415	1997	1
1087	1998	1
1712	1998	1
1740	1998	1
1312	1999	1
244	2000	1
1442	2000	1
1733	2000	1
151	2001	1
152	2001	1
1707	2001	1
1873	2001	1
89	2002	1
116	2002	1
375	2002	1
418	2002	1
1274	2002	1
2084	2002	1
1697	2003	1
1192	2004	1
1782	2004	1
2005	2004	1
2006	2004	1
2007	2004	1
2036	2004	1
1960	2005	1
2004	2005	1
1960	2006	1
2004	2006	1
1960	2007	1
2004	2007	1
1598	2008	1
1599	2008	1
1600	2008	1
1602	2008	1
199	2009	1
1383	2009	1
65	2010	1
882	2011	1
1212	2011	1
1782	2011	1
1965	2011	1
1084	2012	1
1806	2012	1
473	2013	1
1331	2013	1
254	2014	1
531	2014	1
1184	2014	1
1193	2014	1
1202	2014	1
1215	2014	1
1705	2014	1
194	2015	1
1928	2015	1
2063	2015	1
1278	2016	1
1489	2017	1
1505	2017	1
156	2018	1
749	2018	1
1101	2018	1
1356	2018	1
996	2019	1
1044	2019	1
1425	2019	1
1879	2019	1
1949	2019	1
1984	2019	1
254	2020	1
531	2020	1
1184	2020	1
1193	2020	1
1202	2020	1
1215	2020	1
1705	2020	1
900	2021	1
1283	2021	1
1352	2021	1
1879	2021	1
2066	2021	1
1687	2022	1
1491	2023	1
1751	2023	1
194	2024	1
900	2025	1
1283	2025	1
1352	2025	1
1879	2025	1
2066	2025	1
1264	2026	1
1297	2026	1
1937	2026	1
1938	2026	1
1994	2026	1
1194	2027	1
1432	2027	1
272	2028	1
1148	2028	1
1150	2028	1
485	2029	1
1438	2029	1
1920	2029	1
1921	2029	1
1675	2030	1
1695	2030	1
1696	2030	1
1735	2030	1
564	2031	1
1102	2031	1
1183	2031	1
1192	2031	1
1907	2031	1
1042	2032	1
1497	2032	1
1692	2032	1
459	2033	1
1194	2034	1
1472	2034	1
1941	2034	1
1960	2035	1
1960	2036	1
2004	2036	1
996	2037	1
1044	2037	1
1425	2037	1
1879	2037	1
1949	2037	1
1984	2037	1
1042	2038	1
217	2039	1
219	2039	1
220	2039	1
224	2039	1
227	2039	1
1194	2040	1
1472	2040	1
1941	2040	1
1415	2041	1
1415	2042	1
65	2043	1
1101	2044	1
564	2045	1
1497	2045	1
1692	2045	1
1907	2045	1
289	2046	1
1152	2046	1
1302	2046	1
1335	2046	1
1360	2046	1
116	2047	1
375	2047	1
1898	2047	1
1899	2047	1
1900	2047	1
2084	2047	1
1898	2048	1
1899	2048	1
1924	2049	1
447	2050	1
1192	2050	1
1607	2050	1
2090	2050	1
2231	2050	1
312	2051	1
1497	2051	1
1692	2051	1
1671	2052	1
1265	2053	1
9	2054	1
975	2054	1
1240	2054	1
1468	2054	1
1603	2054	1
1707	2054	1
1873	2054	1
1917	2054	1
1927	2054	1
1930	2054	1
1879	2055	1
1916	2055	1
1959	2055	1
504	2056	1
1565	2056	1
1834	2056	1
1665	2057	1
1042	2058	1
146	2059	1
473	2060	1
1331	2060	1
65	2061	1
146	2062	1
194	2063	1
2015	2063	1
2064	2063	1
194	2064	1
1928	2064	1
2063	2064	1
1008	2065	1
1009	2065	1
476	2066	1
508	2066	1
1526	2066	1
1562	2066	1
2021	2066	1
2025	2066	1
1597	2067	1
194	2068	1
1677	2069	1
1265	2070	1
1415	2071	1
1042	2072	1
1061	2073	1
108	2074	1
2075	2074	1
108	2075	1
1533	2075	1
2074	2075	1
2103	2075	1
2077	2076	1
2137	2076	1
240	2077	1
241	2077	1
249	2077	1
2076	2077	1
2137	2077	1
2164	2077	1
814	2078	1
146	2079	1
433	2079	1
437	2079	1
878	2079	1
116	2080	1
375	2080	1
651	2081	1
130	2082	1
421	2082	1
691	2082	1
1517	2082	1
2083	2082	1
419	2083	1
421	2083	1
691	2083	1
711	2083	1
1517	2083	1
1801	2083	1
2082	2083	1
2363	2083	1
89	2084	1
140	2084	1
251	2084	1
476	2084	1
575	2084	1
642	2084	1
697	2084	1
699	2084	1
717	2084	1
718	2084	1
739	2084	1
745	2084	1
747	2084	1
769	2084	1
820	2084	1
847	2084	1
900	2084	1
929	2084	1
931	2084	1
948	2084	1
1143	2084	1
1145	2084	1
1146	2084	1
1172	2084	1
1311	2084	1
1343	2084	1
2002	2084	1
2047	2084	1
2106	2084	1
2113	2084	1
2118	2084	1
2119	2084	1
2126	2084	1
2128	2084	1
2136	2084	1
2191	2084	1
2207	2084	1
2242	2084	1
2294	2084	1
2302	2084	1
2303	2084	1
2307	2084	1
2312	2084	1
2335	2084	1
2336	2084	1
2337	2084	1
2338	2084	1
2340	2084	1
2341	2084	1
2342	2084	1
2343	2084	1
2344	2084	1
2373	2084	1
2086	2085	1
2164	2085	1
2085	2086	1
2359	2086	1
1277	2087	1
2089	2088	1
249	2089	1
434	2089	1
769	2089	1
2088	2089	1
2178	2089	1
2264	2089	1
2326	2089	1
2050	2090	1
120	2091	1
604	2091	1
2093	2092	1
817	2093	1
2092	2093	1
476	2094	1
575	2095	1
699	2095	1
575	2096	1
699	2096	1
2103	2096	1
2138	2096	1
575	2097	1
35	2098	1
134	2098	1
135	2098	1
159	2098	1
455	2098	1
536	2098	1
558	2098	1
1694	2098	1
2135	2098	1
2360	2098	1
1277	2099	1
1061	2100	1
549	2101	1
604	2101	1
116	2102	1
375	2102	1
114	2103	1
506	2103	1
1476	2103	1
1632	2103	1
2075	2103	1
2096	2103	1
2108	2103	1
2213	2103	1
2329	2103	1
416	2104	1
2105	2104	1
2122	2104	1
2258	2104	1
2104	2105	1
642	2106	1
656	2106	1
657	2106	1
717	2106	1
718	2106	1
745	2106	1
770	2106	1
820	2106	1
1645	2106	1
2084	2106	1
2124	2106	1
2125	2106	1
2136	2106	1
2137	2106	1
2356	2106	1
2374	2106	1
2375	2106	1
116	2107	1
240	2107	1
241	2107	1
375	2107	1
433	2107	1
816	2107	1
116	2108	1
375	2108	1
2103	2108	1
116	2109	1
375	2109	1
196	2110	1
375	2110	1
2137	2110	1
2172	2110	1
2261	2110	1
375	2111	1
2193	2111	1
1711	2112	1
657	2113	1
2084	2113	1
755	2114	1
375	2115	1
116	2116	1
375	2116	1
375	2117	1
116	2118	1
375	2118	1
2084	2118	1
116	2119	1
375	2119	1
2084	2119	1
116	2120	1
375	2120	1
116	2121	1
375	2121	1
375	2122	1
1311	2122	1
2104	2122	1
2149	2122	1
2258	2122	1
1647	2123	1
116	2124	1
375	2124	1
433	2124	1
816	2124	1
1226	2124	1
2106	2124	1
375	2125	1
476	2125	1
816	2125	1
1226	2125	1
2106	2125	1
2167	2125	1
116	2126	1
375	2126	1
2084	2126	1
2165	2126	1
116	2127	1
375	2127	1
116	2128	1
375	2128	1
2084	2128	1
375	2129	1
116	2130	1
375	2130	1
1455	2130	1
116	2131	1
375	2131	1
116	2132	1
375	2132	1
116	2133	1
375	2133	1
116	2134	1
375	2134	1
2098	2135	1
116	2136	1
375	2136	1
2084	2136	1
2106	2136	1
116	2137	1
196	2137	1
375	2137	1
656	2137	1
657	2137	1
739	2137	1
847	2137	1
1271	2137	1
2076	2137	1
2077	2137	1
2106	2137	1
2110	2137	1
2261	2137	1
2301	2137	1
2096	2138	1
1711	2139	1
17	2140	1
18	2140	1
2209	2140	1
17	2141	1
2143	2142	1
2142	2143	1
2208	2143	1
1551	2144	1
2145	2144	1
2183	2144	1
1551	2145	1
2144	2145	1
2183	2145	1
450	2146	1
525	2146	1
867	2146	1
1033	2146	1
1698	2146	1
1442	2147	1
2233	2147	1
1442	2148	1
566	2149	1
811	2149	1
2122	2149	1
161	2150	1
855	2150	1
2151	2150	1
2272	2150	1
147	2151	1
161	2151	1
290	2151	1
484	2151	1
872	2151	1
2150	2151	1
2172	2151	1
1314	2152	1
2153	2152	1
2152	2153	1
448	2154	1
516	2154	1
1249	2154	1
476	2155	1
2156	2155	1
164	2156	1
751	2156	1
752	2156	1
756	2156	1
2155	2156	1
2208	2156	1
1439	2157	1
1694	2157	1
2158	2157	1
2159	2157	1
2177	2157	1
2293	2157	1
2308	2157	1
2157	2158	1
2308	2158	1
2157	2159	1
544	2160	1
610	2161	1
2163	2162	1
2162	2163	1
2187	2163	1
2188	2163	1
196	2164	1
197	2164	1
739	2164	1
1551	2164	1
2077	2164	1
2085	2164	1
2172	2164	1
120	2165	1
2126	2165	1
2167	2166	1
434	2167	1
929	2167	1
1145	2167	1
1146	2167	1
1172	2167	1
1311	2167	1
1486	2167	1
1487	2167	1
1816	2167	1
2125	2167	1
2166	2167	1
2178	2167	1
2207	2167	1
2223	2167	1
2242	2167	1
2264	2167	1
2281	2167	1
2282	2167	1
2283	2167	1
2286	2167	1
2324	2167	1
2326	2167	1
755	2168	1
18	2169	1
574	2169	1
2239	2169	1
433	2170	1
433	2171	1
148	2172	1
847	2172	1
872	2172	1
2110	2172	1
2151	2172	1
2164	2172	1
2262	2172	1
2272	2172	1
1271	2173	1
87	2174	1
1543	2174	1
1610	2174	1
1623	2174	1
1065	2175	1
1252	2175	1
2176	2175	1
1252	2176	1
2175	2176	1
2157	2177	1
2089	2178	1
2167	2178	1
2323	2178	1
541	2179	1
541	2180	1
1226	2181	1
541	2182	1
2144	2183	1
2145	2183	1
18	2184	1
2239	2184	1
18	2185	1
18	2186	1
1632	2187	1
2163	2187	1
2163	2188	1
2224	2188	1
475	2189	1
1302	2189	1
562	2190	1
2084	2191	1
961	2192	1
642	2193	1
897	2193	1
2111	2193	1
2194	2193	1
2193	2194	1
2266	2194	1
2267	2194	1
66	2195	1
433	2196	1
838	2196	1
35	2197	1
583	2197	1
2208	2197	1
2248	2197	1
545	2198	1
1614	2198	1
824	2199	1
2247	2199	1
109	2200	1
110	2200	1
469	2200	1
110	2201	1
271	2201	1
2225	2201	1
604	2202	1
2203	2202	1
2204	2202	1
2202	2203	1
2202	2204	1
434	2205	1
739	2205	1
769	2205	1
2206	2205	1
2207	2205	1
2205	2206	1
433	2207	1
2084	2207	1
2167	2207	1
2205	2207	1
2143	2208	1
2156	2208	1
2197	2208	1
2209	2208	1
2210	2208	1
2140	2209	1
2208	2209	1
1868	2210	1
2208	2210	1
785	2211	1
1394	2212	1
1567	2213	1
2103	2213	1
215	2214	1
415	2214	1
1540	2214	1
244	2215	1
1733	2215	1
244	2216	1
1733	2216	1
244	2217	1
1733	2217	1
562	2218	1
330	2219	1
532	2219	1
555	2219	1
556	2219	1
2221	2220	1
2222	2220	1
2223	2220	1
2242	2220	1
433	2221	1
476	2221	1
2220	2221	1
2242	2221	1
433	2222	1
2220	2222	1
433	2223	1
2167	2223	1
2220	2223	1
2188	2224	1
2201	2225	1
433	2226	1
476	2226	1
161	2227	1
739	2227	1
2230	2227	1
1222	2228	1
739	2229	1
745	2229	1
161	2230	1
699	2230	1
739	2230	1
847	2230	1
1676	2230	1
2227	2230	1
2050	2231	1
120	2232	1
775	2232	1
2147	2233	1
125	2234	1
137	2234	1
514	2234	1
476	2235	1
832	2236	1
476	2237	1
811	2238	1
2169	2239	1
2184	2239	1
620	2240	1
1271	2241	1
433	2242	1
2084	2242	1
2167	2242	1
2220	2242	1
2221	2242	1
2243	2242	1
2244	2242	1
434	2243	1
476	2243	1
1172	2243	1
1311	2243	1
2242	2243	1
1172	2244	1
1311	2244	1
2242	2244	1
234	2245	1
724	2245	1
751	2245	1
781	2245	1
782	2245	1
824	2245	1
847	2245	1
863	2245	1
870	2245	1
1158	2245	1
1189	2245	1
1190	2245	1
1364	2245	1
1478	2245	1
1500	2245	1
1535	2245	1
1711	2245	1
1879	2245	1
1894	2245	1
2246	2245	1
2295	2245	1
2296	2245	1
2334	2245	1
2369	2245	1
2245	2246	1
824	2247	1
882	2247	1
1945	2247	1
2199	2247	1
35	2248	1
286	2248	1
287	2248	1
558	2248	1
583	2248	1
794	2248	1
888	2248	1
2197	2248	1
2249	2248	1
2248	2249	1
1446	2250	1
2252	2251	1
120	2252	1
1711	2252	1
1781	2252	1
2251	2252	1
532	2253	1
147	2254	1
290	2255	1
1455	2255	1
116	2256	1
290	2256	1
1455	2256	1
1455	2257	1
416	2258	1
2104	2258	1
2122	2258	1
2260	2258	1
125	2259	1
137	2259	1
585	2259	1
2260	2259	1
2258	2260	1
2259	2260	1
2372	2260	1
642	2261	1
2110	2261	1
2137	2261	1
147	2262	1
161	2262	1
2172	2262	1
1556	2263	1
476	2264	1
2089	2264	1
2167	2264	1
562	2265	1
2194	2266	1
2267	2266	1
433	2267	1
2194	2267	1
2266	2267	1
562	2268	1
117	2269	1
54	2270	1
55	2270	1
120	2270	1
1096	2270	1
1442	2271	1
161	2272	1
290	2272	1
2150	2272	1
2172	2272	1
290	2273	1
290	2274	1
116	2275	1
756	2276	1
341	2277	1
341	2278	1
341	2279	1
448	2280	1
516	2280	1
1249	2280	1
2167	2281	1
433	2282	1
2167	2282	1
433	2283	1
2167	2283	1
1071	2284	1
2285	2284	1
2284	2285	1
2167	2286	1
116	2287	1
699	2288	1
833	2289	1
833	2290	1
745	2291	1
634	2292	1
2157	2293	1
2084	2294	1
1711	2295	1
2245	2295	1
2245	2296	1
87	2297	1
87	2298	1
341	2299	1
133	2300	1
1711	2300	1
120	2301	1
657	2301	1
2137	2301	1
120	2302	1
884	2302	1
2084	2302	1
2084	2303	1
341	2304	1
562	2305	1
433	2306	1
838	2306	1
433	2307	1
476	2307	1
2084	2307	1
838	2308	1
2157	2308	1
2158	2308	1
2310	2309	1
2329	2309	1
2309	2310	1
1611	2311	1
433	2312	1
476	2312	1
2084	2312	1
1711	2313	1
1711	2314	1
1711	2315	1
433	2316	1
1711	2316	1
1711	2317	1
1711	2318	1
1711	2319	1
1711	2320	1
1711	2321	1
1711	2322	1
2178	2323	1
2326	2323	1
2167	2324	1
476	2325	1
2089	2326	1
2167	2326	1
2323	2326	1
116	2327	1
1711	2328	1
2103	2329	1
2309	2329	1
120	2330	1
1711	2331	1
1868	2331	1
476	2332	1
514	2333	1
1711	2334	1
2245	2334	1
2084	2335	1
2084	2336	1
2084	2337	1
2084	2338	1
711	2339	1
2084	2340	1
2084	2341	1
433	2342	1
2084	2342	1
433	2343	1
2084	2343	1
2084	2344	1
544	2345	1
433	2346	1
433	2347	1
433	2348	1
433	2349	1
433	2350	1
433	2351	1
433	2352	1
433	2353	1
433	2354	1
433	2355	1
433	2356	1
476	2356	1
2106	2356	1
433	2357	1
433	2358	1
2086	2359	1
2098	2360	1
931	2361	1
562	2362	1
920	2362	1
130	2363	1
2083	2363	1
586	2364	1
1781	2365	1
116	2366	1
887	2367	1
541	2368	1
2245	2369	1
1632	2370	1
1632	2371	1
1842	2372	1
2260	2372	1
2084	2373	1
2106	2374	1
2106	2375	1
